ID,Soc_ID,Var_ID,Value,Code_ID,Comment,Source,sub_case,year,source_coded_data,admin_comment
1,B1,DistToCoast_km,96.61511508,,,,,2015,,
2,B10,DistToCoast_km,2.083183736,,,,,2015,,
3,B100,DistToCoast_km,1.739058096,,,,,2015,,
4,B101,DistToCoast_km,155.7038843,,,,,2015,,
5,B102,DistToCoast_km,1.766059041,,,,,2015,,
6,B103,DistToCoast_km,0.438704313,,,,,2015,,
7,B104,DistToCoast_km,8.379608757,,,,,2015,,
8,B105,DistToCoast_km,26.07433291,,,,,2015,,
9,B106,DistToCoast_km,48.88882063,,,,,2015,,
10,B107,DistToCoast_km,46.46551806,,,,,2015,,
11,B108,DistToCoast_km,439.1967544,,,,,2015,,
12,B109,DistToCoast_km,540.3272163,,,,,2015,,
13,B11,DistToCoast_km,70.1281106,,,,,2015,,
14,B110,DistToCoast_km,45.30223132,,,,,2015,,
15,B111,DistToCoast_km,543.2365136,,,,,2015,,
16,B112,DistToCoast_km,697.8389907,,,,,2015,,
17,B113,DistToCoast_km,820.9770135,,,,,2015,,
18,B114,DistToCoast_km,1.633471659,,,,,2015,,
19,B115,DistToCoast_km,16.04155916,,,,,2015,,
20,B116,DistToCoast_km,754.5006558,,,,,2015,,
21,B117,DistToCoast_km,689.0299093,,,,,2015,,
22,B118,DistToCoast_km,725.6110563,,,,,2015,,
23,B119,DistToCoast_km,52.5865614,,,,,2015,,
24,B12,DistToCoast_km,12.97817553,,,,,2015,,
25,B120,DistToCoast_km,615.7044822,,,,,2015,,
26,B121,DistToCoast_km,452.9579835,,,,,2015,,
27,B122,DistToCoast_km,690.439488,,,,,2015,,
28,B123,DistToCoast_km,500.8855434,,,,,2015,,
29,B124,DistToCoast_km,897.8709192,,,,,2015,,
30,B125,DistToCoast_km,572.8884108,,,,,2015,,
31,B126,DistToCoast_km,491.273036,,,,,2015,,
32,B127,DistToCoast_km,134.6866792,,,,,2015,,
33,B128,DistToCoast_km,401.0640567,,,,,2015,,
34,B129,DistToCoast_km,3.675481259,,,,,2015,,
35,B13,DistToCoast_km,15.5015273,,,,,2015,,
36,B130,DistToCoast_km,502.0953083,,,,,2015,,
37,B131,DistToCoast_km,63.18207414,,,,,2015,,
38,B132,DistToCoast_km,9.937829921,,,,,2015,,
39,B133,DistToCoast_km,156.335662,,,,,2015,,
40,B134,DistToCoast_km,3.188248382,,,,,2015,,
41,B135,DistToCoast_km,35.69256031,,,,,2015,,
42,B136,DistToCoast_km,15.77491127,,,,,2015,,
43,B137,DistToCoast_km,34.7006523,,,,,2015,,
44,B14,DistToCoast_km,35.73582779,,,,,2015,,
45,B143,DistToCoast_km,22.64463682,,,,,2015,,
46,B144,DistToCoast_km,114.0094751,,,,,2015,,
47,B145,DistToCoast_km,70.27460394,,,,,2015,,
48,B146,DistToCoast_km,35.26447907,,,,,2015,,
49,B147,DistToCoast_km,47.10986863,,,,,2015,,
50,B148,DistToCoast_km,114.49486,,,,,2015,,
51,B149,DistToCoast_km,130.5472583,,,,,2015,,
52,B15,DistToCoast_km,152.230863,,,,,2015,,
53,B150,DistToCoast_km,21.06765528,,,,,2015,,
54,B151,DistToCoast_km,207.2918306,,,,,2015,,
55,B152,DistToCoast_km,208.305675,,,,,2015,,
56,B153,DistToCoast_km,111.3866122,,,,,2015,,
57,B154,DistToCoast_km,138.1169623,,,,,2015,,
58,B155,DistToCoast_km,107.3477257,,,,,2015,,
59,B156,DistToCoast_km,30.18366784,,,,,2015,,
60,B157,DistToCoast_km,313.9194041,,,,,2015,,
61,B158,DistToCoast_km,56.98885621,,,,,2015,,
62,B159,DistToCoast_km,63.53624144,,,,,2015,,
63,B16,DistToCoast_km,354.5942026,,,,,2015,,
64,B160,DistToCoast_km,149.0369304,,,,,2015,,
65,B161,DistToCoast_km,23.33169174,,,,,2015,,
66,B162,DistToCoast_km,70.70547573,,,,,2015,,
67,B163,DistToCoast_km,143.884788,,,,,2015,,
68,B164,DistToCoast_km,5.933557961,,,,,2015,,
69,B165,DistToCoast_km,23.99180898,,,,,2015,,
70,B166,DistToCoast_km,11.04523905,,,,,2015,,
71,B167,DistToCoast_km,70.7137042,,,,,2015,,
72,B168,DistToCoast_km,7.911923806,,,,,2015,,
73,B169,DistToCoast_km,9.53015144,,,,,2015,,
74,B17,DistToCoast_km,116.7560959,,,,,2015,,
75,B170,DistToCoast_km,68.04400491,,,,,2015,,
76,B171,DistToCoast_km,54.95952358,,,,,2015,,
77,B172,DistToCoast_km,49.63224476,,,,,2015,,
78,B173,DistToCoast_km,43.39781406,,,,,2015,,
79,B174,DistToCoast_km,102.2397566,,,,,2015,,
80,B175,DistToCoast_km,206.0965106,,,,,2015,,
81,B176,DistToCoast_km,76.25596831,,,,,2015,,
82,B177,DistToCoast_km,4.071471547,,,,,2015,,
83,B178,DistToCoast_km,24.02544762,,,,,2015,,
84,B179,DistToCoast_km,114.9477049,,,,,2015,,
85,B18,DistToCoast_km,347.3043657,,,,,2015,,
86,B180,DistToCoast_km,43.31308469,,,,,2015,,
87,B181,DistToCoast_km,29.10072033,,,,,2015,,
88,B182,DistToCoast_km,50.60137701,,,,,2015,,
89,B183,DistToCoast_km,253.7817107,,,,,2015,,
90,B184,DistToCoast_km,5.072284824,,,,,2015,,
91,B185,DistToCoast_km,284.1483741,,,,,2015,,
92,B186,DistToCoast_km,14.68064204,,,,,2015,,
93,B187,DistToCoast_km,240.6989437,,,,,2015,,
94,B188,DistToCoast_km,235.3754086,,,,,2015,,
95,B189,DistToCoast_km,233.8581406,,,,,2015,,
96,B19,DistToCoast_km,101.4795514,,,,,2015,,
97,B190,DistToCoast_km,47.68243864,,,,,2015,,
98,B191,DistToCoast_km,227.1554147,,,,,2015,,
99,B192,DistToCoast_km,317.3154037,,,,,2015,,
100,B193,DistToCoast_km,5.634455671,,,,,2015,,
101,B194,DistToCoast_km,435.6528175,,,,,2015,,
102,B195,DistToCoast_km,281.4166656,,,,,2015,,
103,B196,DistToCoast_km,343.4089901,,,,,2015,,
104,B197,DistToCoast_km,243.5649984,,,,,2015,,
105,B198,DistToCoast_km,400.43887,,,,,2015,,
106,B199,DistToCoast_km,156.0410601,,,,,2015,,
107,B2,DistToCoast_km,0.60461305,,,,,2015,,
108,B20,DistToCoast_km,21.01133711,,,,,2015,,
109,B200,DistToCoast_km,294.6358666,,,,,2015,,
110,B201,DistToCoast_km,749.388007,,,,,2015,,
111,B202,DistToCoast_km,291.7456075,,,,,2015,,
112,B203,DistToCoast_km,470.3565154,,,,,2015,,
113,B204,DistToCoast_km,595.8232892,,,,,2015,,
114,B205,DistToCoast_km,321.5426768,,,,,2015,,
115,B206,DistToCoast_km,330.3790635,,,,,2015,,
116,B207,DistToCoast_km,722.5669894,,,,,2015,,
117,B208,DistToCoast_km,314.7942797,,,,,2015,,
118,B209,DistToCoast_km,908.9259714,,,,,2015,,
119,B21,DistToCoast_km,169.2407545,,,,,2015,,
120,B210,DistToCoast_km,406.5632424,,,,,2015,,
121,B211,DistToCoast_km,338.3161823,,,,,2015,,
122,B212,DistToCoast_km,289.2081224,,,,,2015,,
123,B213,DistToCoast_km,942.0102999,,,,,2015,,
124,B214,DistToCoast_km,743.1549911,,,,,2015,,
125,B215,DistToCoast_km,677.2463768,,,,,2015,,
126,B216,DistToCoast_km,535.9269905,,,,,2015,,
127,B217,DistToCoast_km,537.1929072,,,,,2015,,
128,B218,DistToCoast_km,449.4418681,,,,,2015,,
129,B219,DistToCoast_km,238.5405168,,,,,2015,,
130,B22,DistToCoast_km,1.333357632,,,,,2015,,
131,B221,DistToCoast_km,812.1956387,,,,,2015,,
132,B222,DistToCoast_km,805.4075235,,,,,2015,,
133,B223,DistToCoast_km,288.0594955,,,,,2015,,
134,B224,DistToCoast_km,732.0882031,,,,,2015,,
135,B225,DistToCoast_km,240.618522,,,,,2015,,
136,B226,DistToCoast_km,334.4896786,,,,,2015,,
137,B227,DistToCoast_km,1148.310388,,,,,2015,,
138,B228,DistToCoast_km,645.4423913,,,,,2015,,
139,B229,DistToCoast_km,943.3344703,,,,,2015,,
140,B23,DistToCoast_km,901.8975729,,,,,2015,,
141,B230,DistToCoast_km,1021.269517,,,,,2015,,
142,B231,DistToCoast_km,408.677514,,,,,2015,,
143,B232,DistToCoast_km,693.6820401,,,,,2015,,
144,B233,DistToCoast_km,575.5586402,,,,,2015,,
145,B234,DistToCoast_km,909.2041634,,,,,2015,,
146,B24,DistToCoast_km,807.8448263,,,,,2015,,
147,B240,DistToCoast_km,152.5139974,,,,,2015,,
148,B241,DistToCoast_km,940.9489248,,,,,2015,,
149,B242,DistToCoast_km,644.8706676,,,,,2015,,
150,B243,DistToCoast_km,883.8015791,,,,,2015,,
151,B244,DistToCoast_km,770.5918654,,,,,2015,,
152,B245,DistToCoast_km,1216.216295,,,,,2015,,
153,B246,DistToCoast_km,1352.886565,,,,,2015,,
154,B248,DistToCoast_km,1064.536173,,,,,2015,,
155,B249,DistToCoast_km,1530.7187,,,,,2015,,
156,B25,DistToCoast_km,51.40817952,,,,,2015,,
157,B250,DistToCoast_km,609.825981,,,,,2015,,
158,B252,DistToCoast_km,880.7729056,,,,,2015,,
159,B253,DistToCoast_km,1233.30901,,,,,2015,,
160,B254,DistToCoast_km,1079.141745,,,,,2015,,
161,B255,DistToCoast_km,820.4195905,,,,,2015,,
162,B256,DistToCoast_km,878.6596214,,,,,2015,,
163,B257,DistToCoast_km,1044.698444,,,,,2015,,
164,B258,DistToCoast_km,850.9716668,,,,,2015,,
165,B259,DistToCoast_km,734.9358236,,,,,2015,,
166,B26,DistToCoast_km,173.9135588,,,,,2015,,
167,B260,DistToCoast_km,925.5965275,,,,,2015,,
168,B268,DistToCoast_km,8.346669006,,,,,2015,,
169,B269,DistToCoast_km,14.95956438,,,,,2015,,
170,B27,DistToCoast_km,79.86623702,,,,,2015,,
171,B270,DistToCoast_km,32.95898975,,,,,2015,,
172,B271,DistToCoast_km,8.594854805,,,,,2015,,
173,B272,DistToCoast_km,15.14276517,,,,,2015,,
174,B273,DistToCoast_km,2.872760704,,,,,2015,,
175,B274,DistToCoast_km,11.29110625,,,,,2015,,
176,B275,DistToCoast_km,6.547875104,,,,,2015,,
177,B276,DistToCoast_km,67.07188568,,,,,2015,,
178,B277,DistToCoast_km,14.77325457,,,,,2015,,
179,B278,DistToCoast_km,33.30991355,,,,,2015,,
180,B279,DistToCoast_km,19.79290401,,,,,2015,,
181,B28,DistToCoast_km,272.9823828,,,,,2015,,
182,B280,DistToCoast_km,2.041233903,,,,,2015,,
183,B281,DistToCoast_km,8.815601953,,,,,2015,,
184,B282,DistToCoast_km,15.71400256,,,,,2015,,
185,B283,DistToCoast_km,11.23904284,,,,,2015,,
186,B284,DistToCoast_km,21.70692476,,,,,2015,,
187,B285,DistToCoast_km,20.56758287,,,,,2015,,
188,B286,DistToCoast_km,8.279127239,,,,,2015,,
189,B287,DistToCoast_km,2.18310264,,,,,2015,,
190,B288,DistToCoast_km,8.693841028,,,,,2015,,
191,B289,DistToCoast_km,15.40796781,,,,,2015,,
192,B290,DistToCoast_km,8.443124697,,,,,2015,,
193,B291,DistToCoast_km,28.78163193,,,,,2015,,
194,B292,DistToCoast_km,4.993850306,,,,,2015,,
195,B293,DistToCoast_km,121.5534081,,,,,2015,,
196,B294,DistToCoast_km,1.497065051,,,,,2015,,
197,B295,DistToCoast_km,33.95021173,,,,,2015,,
198,B296,DistToCoast_km,95.37506234,,,,,2015,,
199,B297,DistToCoast_km,3.884653116,,,,,2015,,
200,B298,DistToCoast_km,4.492379485,,,,,2015,,
201,B299,DistToCoast_km,18.54586156,,,,,2015,,
202,B3,DistToCoast_km,86.53652173,,,,,2015,,
203,B315,DistToCoast_km,239.7251062,,,,,2015,,
204,B316,DistToCoast_km,274.2755278,,,,,2015,,
205,B317,DistToCoast_km,142.5439972,,,,,2015,,
206,B318,DistToCoast_km,193.4303369,,,,,2015,,
207,B319,DistToCoast_km,186.6960678,,,,,2015,,
208,B320,DistToCoast_km,440.8089902,,,,,2015,,
209,B321,DistToCoast_km,211.8452713,,,,,2015,,
210,B322,DistToCoast_km,223.2396077,,,,,2015,,
211,B323,DistToCoast_km,279.1662106,,,,,2015,,
212,B324,DistToCoast_km,459.2532839,,,,,2015,,
213,B325,DistToCoast_km,191.7160067,,,,,2015,,
214,B326,DistToCoast_km,485.8290965,,,,,2015,,
215,B327,DistToCoast_km,750.9441737,,,,,2015,,
216,B328,DistToCoast_km,1038.406994,,,,,2015,,
217,B329,DistToCoast_km,5.661952859,,,,,2015,,
218,B330,DistToCoast_km,694.3952529,,,,,2015,,
219,B331,DistToCoast_km,750.9441737,,,,,2015,,
220,B332,DistToCoast_km,575.8136681,,,,,2015,,
221,B333,DistToCoast_km,455.0148362,,,,,2015,,
222,B334,DistToCoast_km,568.6365007,,,,,2015,,
223,B335,DistToCoast_km,416.4333827,,,,,2015,,
224,B336,DistToCoast_km,70.90931854,,,,,2015,,
225,B337,DistToCoast_km,572.3462364,,,,,2015,,
226,B338,DistToCoast_km,398.167042,,,,,2015,,
227,B339,DistToCoast_km,153.3631517,,,,,2015,,
228,B340,DistToCoast_km,220.9010968,,,,,2015,,
229,B341,DistToCoast_km,409.1295738,,,,,2015,,
230,B342,DistToCoast_km,195.3173389,,,,,2015,,
231,B343,DistToCoast_km,596.4908846,,,,,2015,,
232,B344,DistToCoast_km,900.2694806,,,,,2015,,
233,B345,DistToCoast_km,770.8102665,,,,,2015,,
234,B346,DistToCoast_km,512.6985987,,,,,2015,,
235,B347,DistToCoast_km,229.0763894,,,,,2015,,
236,B348,DistToCoast_km,101.2879715,,,,,2015,,
237,B349,DistToCoast_km,269.0641354,,,,,2015,,
238,B35,DistToCoast_km,31.95877906,,,,,2015,,
239,B350,DistToCoast_km,627.9867883,,,,,2015,,
240,B351,DistToCoast_km,482.8030183,,,,,2015,,
241,B352,DistToCoast_km,206.2344369,,,,,2015,,
242,B353,DistToCoast_km,110.1990162,,,,,2015,,
243,B354,DistToCoast_km,285.920286,,,,,2015,,
244,B355,DistToCoast_km,639.9609674,,,,,2015,,
245,B356,DistToCoast_km,301.1232417,,,,,2015,,
246,B357,DistToCoast_km,255.7754803,,,,,2015,,
247,B358,DistToCoast_km,396.4007328,,,,,2015,,
248,B359,DistToCoast_km,305.7876613,,,,,2015,,
249,B36,DistToCoast_km,696.7851148,,,,,2015,,
250,B360,DistToCoast_km,74.12136004,,,,,2015,,
251,B361,DistToCoast_km,436.1686136,,,,,2015,,
252,B362,DistToCoast_km,42.23426548,,,,,2015,,
253,B363,DistToCoast_km,149.9313452,,,,,2015,,
254,B364,DistToCoast_km,167.9252499,,,,,2015,,
255,B365,DistToCoast_km,202.301834,,,,,2015,,
256,B369,DistToCoast_km,5.842929953,,,,,2015,,
257,B37,DistToCoast_km,300.6236987,,,,,2015,,
258,B370,DistToCoast_km,149.2635742,,,,,2015,,
259,B371,DistToCoast_km,13.61711808,,,,,2015,,
260,B372,DistToCoast_km,6.415704514,,,,,2015,,
261,B373,DistToCoast_km,1.845347643,,,,,2015,,
262,B374,DistToCoast_km,116.6281712,,,,,2015,,
263,B375,DistToCoast_km,138.3609827,,,,,2015,,
264,B377,DistToCoast_km,243.1331036,,,,,2015,,
265,B378,DistToCoast_km,1.953940847,,,,,2015,,
266,B379,DistToCoast_km,12.2413377,,,,,2015,,
267,B38,DistToCoast_km,372.1508589,,,,,2015,,
268,B380,DistToCoast_km,6.214480924,,,,,2015,,
269,B381,DistToCoast_km,5.884336447,,,,,2015,,
270,B382,DistToCoast_km,21.54704047,,,,,2015,,
271,B383,DistToCoast_km,10.48431106,,,,,2015,,
272,B384,DistToCoast_km,0.071644105,,,,,2015,,
273,B385,DistToCoast_km,5.487613631,,,,,2015,,
274,B386,DistToCoast_km,1.080370847,,,,,2015,,
275,B387,DistToCoast_km,11.00251463,,,,,2015,,
276,B388,DistToCoast_km,0.246408668,,,,,2015,,
277,B389,DistToCoast_km,3.662651869,,,,,2015,,
278,B39,DistToCoast_km,527.6931226,,,,,2015,,
279,B390,DistToCoast_km,2.588725844,,,,,2015,,
280,B4,DistToCoast_km,4.287333737,,,,,2015,,
281,B40,DistToCoast_km,597.7151636,,,,,2015,,
282,B41,DistToCoast_km,1225.038425,,,,,2015,,
283,B42,DistToCoast_km,1219.126571,,,,,2015,,
284,B43,DistToCoast_km,811.9643624,,,,,2015,,
285,B44,DistToCoast_km,607.7532282,,,,,2015,,
286,B45,DistToCoast_km,1314.755705,,,,,2015,,
287,B46,DistToCoast_km,0.897622289,,,,,2015,,
288,B47,DistToCoast_km,623.367722,,,,,2015,,
289,B48,DistToCoast_km,222.1430961,,,,,2015,,
290,B49,DistToCoast_km,541.1664156,,,,,2015,,
291,B5,DistToCoast_km,8.981579124,,,,,2015,,
292,B50,DistToCoast_km,115.8439174,,,,,2015,,
293,B51,DistToCoast_km,83.18205672,,,,,2015,,
294,B52,DistToCoast_km,0.243838367,,,,,2015,,
295,B53,DistToCoast_km,1.606762239,,,,,2015,,
296,B54,DistToCoast_km,53.46549997,,,,,2015,,
297,B55,DistToCoast_km,2.530203717,,,,,2015,,
298,B6,DistToCoast_km,0.325183147,,,,,2015,,
299,B60,DistToCoast_km,790.2582068,,,,,2015,,
300,B61,DistToCoast_km,866.0759104,,,,,2015,,
301,B62,DistToCoast_km,1164.953222,,,,,2015,,
302,B63,DistToCoast_km,598.0416695,,,,,2015,,
303,B64,DistToCoast_km,1520.015016,,,,,2015,,
304,B65,DistToCoast_km,1364.195947,,,,,2015,,
305,B66,DistToCoast_km,52.51884566,,,,,2015,,
306,B67,DistToCoast_km,1130.767036,,,,,2015,,
307,B68,DistToCoast_km,352.5217549,,,,,2015,,
308,B69,DistToCoast_km,437.420782,,,,,2015,,
309,B7,DistToCoast_km,39.04375761,,,,,2015,,
310,B70,DistToCoast_km,555.4463912,,,,,2015,,
311,B71,DistToCoast_km,782.8926687,,,,,2015,,
312,B72,DistToCoast_km,747.9199021,,,,,2015,,
313,B73,DistToCoast_km,739.1859618,,,,,2015,,
314,B74,DistToCoast_km,910.2159588,,,,,2015,,
315,B75,DistToCoast_km,888.2003044,,,,,2015,,
316,B76,DistToCoast_km,754.9404801,,,,,2015,,
317,B77,DistToCoast_km,351.0391688,,,,,2015,,
318,B78,DistToCoast_km,229.6511306,,,,,2015,,
319,B79,DistToCoast_km,148.7506955,,,,,2015,,
320,B8,DistToCoast_km,4.874696367,,,,,2015,,
321,B82,DistToCoast_km,1.457848524,,,,,2015,,
322,B83,DistToCoast_km,0.55241066,,,,,2015,,
323,B84,DistToCoast_km,28.45451771,,,,,2015,,
324,B85,DistToCoast_km,1.570288698,,,,,2015,,
325,B86,DistToCoast_km,13.26894998,,,,,2015,,
326,B87,DistToCoast_km,12.38598351,,,,,2015,,
327,B88,DistToCoast_km,35.86504745,,,,,2015,,
328,B89,DistToCoast_km,12.18778713,,,,,2015,,
329,B9,DistToCoast_km,68.39652573,,,,,2015,,
330,B90,DistToCoast_km,29.76441695,,,,,2015,,
331,B91,DistToCoast_km,104.9623746,,,,,2015,,
332,B92,DistToCoast_km,2.666804615,,,,,2015,,
333,B93,DistToCoast_km,13.19387904,,,,,2015,,
334,B94,DistToCoast_km,54.2706172,,,,,2015,,
335,B95,DistToCoast_km,6.262788206,,,,,2015,,
336,B96,DistToCoast_km,3.297960912,,,,,2015,,
337,B97,DistToCoast_km,13.38365619,,,,,2015,,
338,B98,DistToCoast_km,3.176780385,,,,,2015,,
339,B99,DistToCoast_km,36.43745975,,,,,2015,,
340,Aa1,DistToCoast_km,730.6394065,,,,,2015,,
341,Aa2,DistToCoast_km,555.4463912,,,,,2015,,
342,Aa3,DistToCoast_km,289.6740097,,,,,2015,,
343,Aa4,DistToCoast_km,165.6665632,,,,,2015,,
344,Aa5,DistToCoast_km,1448.494627,,,,,2015,,
345,Aa6,DistToCoast_km,326.3460233,,,,,2015,,
346,Aa7,DistToCoast_km,1024.857712,,,,,2015,,
347,Aa8,DistToCoast_km,443.1740699,,,,,2015,,
348,Aa9,DistToCoast_km,502.3482117,,,,,2015,,
349,Ab1,DistToCoast_km,217.2212646,,,,,2015,,
350,Ab10,DistToCoast_km,19.98789628,,,,,2015,,
351,Ab11,DistToCoast_km,10.78174871,,,,,2015,,
352,Ab12,DistToCoast_km,52.91739462,,,,,2015,,
353,Ab13,DistToCoast_km,596.0495661,,,,,2015,,
354,Ab14,DistToCoast_km,254.9538058,,,,,2015,,
355,Ab15,DistToCoast_km,272.82696,,,,,2015,,
356,Ab16,DistToCoast_km,2.771802524,,,,,2015,,
357,Ab17,DistToCoast_km,71.51323713,,,,,2015,,
358,Ab18,DistToCoast_km,388.3211666,,,,,2015,,
359,Ab19,DistToCoast_km,429.8874719,,,,,2015,,
360,Ab2,DistToCoast_km,82.20392806,,,,,2015,,
361,Ab20,DistToCoast_km,292.0229582,,,,,2015,,
362,Ab21a,DistToCoast_km,60.35101471,,,,,2015,,
363,Ab21b,DistToCoast_km,79.16069166,,,,,2015,,
364,Ab22,DistToCoast_km,9.659272187,,,,,2015,,
365,Ab3,DistToCoast_km,1055.190688,,,,,2015,,
366,Ab4,DistToCoast_km,189.4336468,,,,,2015,,
367,Ab5,DistToCoast_km,241.1079173,,,,,2015,,
368,Ab6,DistToCoast_km,405.3960968,,,,,2015,,
369,Ab7,DistToCoast_km,185.9191056,,,,,2015,,
370,Ab8,DistToCoast_km,301.3881302,,,,,2015,,
371,Ab9,DistToCoast_km,695.7103201,,,,,2015,,
372,Ac1,DistToCoast_km,904.0653625,,,,,2015,,
373,Ac10,DistToCoast_km,595.3173582,,,,,2015,,
374,Ac11,DistToCoast_km,893.2280946,,,,,2015,,
375,Ac12,DistToCoast_km,789.1718157,,,,,2015,,
376,Ac13,DistToCoast_km,660.2724184,,,,,2015,,
377,Ac14,DistToCoast_km,224.0775708,,,,,2015,,
378,Ac15,DistToCoast_km,600.7185148,,,,,2015,,
379,Ac16,DistToCoast_km,258.861456,,,,,2015,,
380,Ac17,DistToCoast_km,572.9129642,,,,,2015,,
381,Ac18,DistToCoast_km,184.6971665,,,,,2015,,
382,Ac19,DistToCoast_km,395.7063282,,,,,2015,,
383,Ac2,DistToCoast_km,776.1012143,,,,,2015,,
384,Ac20,DistToCoast_km,426.571923,,,,,2015,,
385,Ac21,DistToCoast_km,709.8836168,,,,,2015,,
386,Ac22,DistToCoast_km,842.3513384,,,,,2015,,
387,Ac23,DistToCoast_km,920.5991657,,,,,2015,,
388,Ac24,DistToCoast_km,678.4313703,,,,,2015,,
389,Ac25,DistToCoast_km,600.7185148,,,,,2015,,
390,Ac26,DistToCoast_km,631.1764239,,,,,2015,,
391,Ac27,DistToCoast_km,1009.650563,,,,,2015,,
392,Ac28,DistToCoast_km,458.3874769,,,,,2015,,
393,Ac29,DistToCoast_km,637.4300939,,,,,2015,,
394,Ac3,DistToCoast_km,944.4102666,,,,,2015,,
395,Ac30,DistToCoast_km,722.3605993,,,,,2015,,
396,Ac31,DistToCoast_km,1196.074402,,,,,2015,,
397,Ac32,DistToCoast_km,1179.432778,,,,,2015,,
398,Ac33,DistToCoast_km,643.1991422,,,,,2015,,
399,Ac34,DistToCoast_km,1142.344133,,,,,2015,,
400,Ac35,DistToCoast_km,1251.209014,,,,,2015,,
401,Ac36,DistToCoast_km,660.2724184,,,,,2015,,
402,Ac37,DistToCoast_km,585.570469,,,,,2015,,
403,Ac38,DistToCoast_km,226.964272,,,,,2015,,
404,Ac39,DistToCoast_km,569.137769,,,,,2015,,
405,Ac4,DistToCoast_km,1022.653279,,,,,2015,,
406,Ac40,DistToCoast_km,140.2500687,,,,,2015,,
407,Ac41,DistToCoast_km,50.17003099,,,,,2015,,
408,Ac42,DistToCoast_km,158.7099149,,,,,2015,,
409,Ac43,DistToCoast_km,1076.537584,,,,,2015,,
410,Ac5,DistToCoast_km,1021.301647,,,,,2015,,
411,Ac6,DistToCoast_km,1326.296702,,,,,2015,,
412,Ac7,DistToCoast_km,476.870478,,,,,2015,,
413,Ac8,DistToCoast_km,97.5957713,,,,,2015,,
414,Ac9,DistToCoast_km,764.2812599,,,,,2015,,
415,Ad1,DistToCoast_km,1.900520163,,,,,2015,,
416,Ad10,DistToCoast_km,114.0972779,,,,,2015,,
417,Ad11,DistToCoast_km,365.8845313,,,,,2015,,
418,Ad12,DistToCoast_km,605.3425739,,,,,2015,,
419,Ad13,DistToCoast_km,1028.057275,,,,,2015,,
420,Ad14,DistToCoast_km,135.2126769,,,,,2015,,
421,Ad15,DistToCoast_km,816.6596949,,,,,2015,,
422,Ad16,DistToCoast_km,600.1095788,,,,,2015,,
423,Ad17,DistToCoast_km,669.733402,,,,,2015,,
424,Ad18,DistToCoast_km,866.0472735,,,,,2015,,
425,Ad19,DistToCoast_km,884.6317772,,,,,2015,,
426,Ad2,DistToCoast_km,1050.796939,,,,,2015,,
427,Ad20,DistToCoast_km,649.6709886,,,,,2015,,
428,Ad21,DistToCoast_km,866.0472735,,,,,2015,,
429,Ad22,DistToCoast_km,605.3802565,,,,,2015,,
430,Ad23,DistToCoast_km,564.019758,,,,,2015,,
431,Ad24,DistToCoast_km,321.8043628,,,,,2015,,
432,Ad25,DistToCoast_km,326.3460233,,,,,2015,,
433,Ad26,DistToCoast_km,540.917447,,,,,2015,,
434,Ad27,DistToCoast_km,34.94380492,,,,,2015,,
435,Ad28,DistToCoast_km,3.514285817,,,,,2015,,
436,Ad29,DistToCoast_km,0.046161698,,,,,2015,,
437,Ad3,DistToCoast_km,306.796855,,,,,2015,,
438,Ad30,DistToCoast_km,62.8330837,,,,,2015,,
439,Ad31,DistToCoast_km,62.8330837,,,,,2015,,
440,Ad32,DistToCoast_km,18.48130116,,,,,2015,,
441,Ad33,DistToCoast_km,134.51717,,,,,2015,,
442,Ad34,DistToCoast_km,256.4189285,,,,,2015,,
443,Ad35,DistToCoast_km,651.5964291,,,,,2015,,
444,Ad36,DistToCoast_km,153.1956335,,,,,2015,,
445,Ad37,DistToCoast_km,62.8330837,,,,,2015,,
446,Ad38,DistToCoast_km,750.2211937,,,,,2015,,
447,Ad39,DistToCoast_km,401.2733072,,,,,2015,,
448,Ad4,DistToCoast_km,403.1219002,,,,,2015,,
449,Ad40,DistToCoast_km,651.5964291,,,,,2015,,
450,Ad41,DistToCoast_km,709.7632317,,,,,2015,,
451,Ad42,DistToCoast_km,898.1226621,,,,,2015,,
452,Ad43,DistToCoast_km,710.4664677,,,,,2015,,
453,Ad44,DistToCoast_km,1100.928868,,,,,2015,,
454,Ad45,DistToCoast_km,1048.662689,,,,,2015,,
455,Ad46,DistToCoast_km,900.1266309,,,,,2015,,
456,Ad47,DistToCoast_km,783.536936,,,,,2015,,
457,Ad48,DistToCoast_km,1102.291762,,,,,2015,,
458,Ad49,DistToCoast_km,921.295829,,,,,2015,,
459,Ad5,DistToCoast_km,359.3504545,,,,,2015,,
460,Ad50,DistToCoast_km,196.3035265,,,,,2015,,
461,Ad51,DistToCoast_km,85.62122769,,,,,2015,,
462,Ad6,DistToCoast_km,583.6822793,,,,,2015,,
463,Ad7,DistToCoast_km,1000.307177,,,,,2015,,
464,Ad8,DistToCoast_km,460.5306099,,,,,2015,,
465,Ad9,DistToCoast_km,802.8767519,,,,,2015,,
466,Ae1,DistToCoast_km,1200.50665,,,,,2015,,
467,Ae10,DistToCoast_km,1061.93352,,,,,2015,,
468,Ae11,DistToCoast_km,1433.994995,,,,,2015,,
469,Ae12,DistToCoast_km,22.80340478,,,,,2015,,
470,Ae13,DistToCoast_km,1167.113512,,,,,2015,,
471,Ae14,DistToCoast_km,978.6942837,,,,,2015,,
472,Ae15,DistToCoast_km,1272.727091,,,,,2015,,
473,Ae16,DistToCoast_km,1093.453126,,,,,2015,,
474,Ae17,DistToCoast_km,1241.360735,,,,,2015,,
475,Ae18,DistToCoast_km,1308.774797,,,,,2015,,
476,Ae19,DistToCoast_km,1192.46479,,,,,2015,,
477,Ae2,DistToCoast_km,24.27116603,,,,,2015,,
478,Ae20,DistToCoast_km,739.2539244,,,,,2015,,
479,Ae21,DistToCoast_km,1193.28594,,,,,2015,,
480,Ae22,DistToCoast_km,1057.874124,,,,,2015,,
481,Ae23,DistToCoast_km,1273.909099,,,,,2015,,
482,Ae24,DistToCoast_km,1291.136475,,,,,2015,,
483,Ae25,DistToCoast_km,1372.953898,,,,,2015,,
484,Ae26,DistToCoast_km,1423.340618,,,,,2015,,
485,Ae27,DistToCoast_km,1574.204185,,,,,2015,,
486,Ae28,DistToCoast_km,896.5738715,,,,,2015,,
487,Ae29,DistToCoast_km,1342.553194,,,,,2015,,
488,Ae3,DistToCoast_km,144.8179734,,,,,2015,,
489,Ae30,DistToCoast_km,1296.910457,,,,,2015,,
490,Ae31,DistToCoast_km,1448.494627,,,,,2015,,
491,Ae32,DistToCoast_km,1413.604792,,,,,2015,,
492,Ae33,DistToCoast_km,1495.396251,,,,,2015,,
493,Ae34,DistToCoast_km,1200.50665,,,,,2015,,
494,Ae35,DistToCoast_km,1348.870967,,,,,2015,,
495,Ae36,DistToCoast_km,1385.074189,,,,,2015,,
496,Ae37,DistToCoast_km,1447.881319,,,,,2015,,
497,Ae38,DistToCoast_km,1231.824826,,,,,2015,,
498,Ae39,DistToCoast_km,1121.191245,,,,,2015,,
499,Ae4,DistToCoast_km,1042.799872,,,,,2015,,
500,Ae40,DistToCoast_km,447.4736807,,,,,2015,,
501,Ae41,DistToCoast_km,455.8722643,,,,,2015,,
502,Ae42,DistToCoast_km,114.2321074,,,,,2015,,
503,Ae43,DistToCoast_km,680.5315598,,,,,2015,,
504,Ae44,DistToCoast_km,12.4397853,,,,,2015,,
505,Ae45,DistToCoast_km,567.1526286,,,,,2015,,
506,Ae46,DistToCoast_km,54.39783137,,,,,2015,,
507,Ae47,DistToCoast_km,21.74115058,,,,,2015,,
508,Ae48,DistToCoast_km,172.876052,,,,,2015,,
509,Ae49,DistToCoast_km,189.7699674,,,,,2015,,
510,Ae5,DistToCoast_km,102.5505481,,,,,2015,,
511,Ae50,DistToCoast_km,252.8030585,,,,,2015,,
512,Ae51,DistToCoast_km,172.876052,,,,,2015,,
513,Ae52,DistToCoast_km,280.7817195,,,,,2015,,
514,Ae53,DistToCoast_km,131.225448,,,,,2015,,
515,Ae54,DistToCoast_km,189.7699674,,,,,2015,,
516,Ae55,DistToCoast_km,189.7699674,,,,,2015,,
517,Ae56,DistToCoast_km,252.8030585,,,,,2015,,
518,Ae57,DistToCoast_km,252.8030585,,,,,2015,,
519,Ae58,DistToCoast_km,328.228507,,,,,2015,,
520,Ae59,DistToCoast_km,189.7699674,,,,,2015,,
521,Ae6,DistToCoast_km,1373.237031,,,,,2015,,
522,Ae7,DistToCoast_km,1670.200904,,,,,2015,,
523,Ae8,DistToCoast_km,1028.057275,,,,,2015,,
524,Ae9,DistToCoast_km,189.7699674,,,,,2015,,
525,Af1,DistToCoast_km,76.03193885,,,,,2015,,
526,Af10,DistToCoast_km,139.8188983,,,,,2015,,
527,Af11,DistToCoast_km,495.9487367,,,,,2015,,
528,Af12,DistToCoast_km,180.6335855,,,,,2015,,
529,Af13,DistToCoast_km,287.9966761,,,,,2015,,
530,Af14,DistToCoast_km,2.12045715,,,,,2015,,
531,Af15,DistToCoast_km,168.7743323,,,,,2015,,
532,Af16,DistToCoast_km,139.0555686,,,,,2015,,
533,Af17,DistToCoast_km,139.0555686,,,,,2015,,
534,Af18,DistToCoast_km,121.2914158,,,,,2015,,
535,Af19,DistToCoast_km,24.70923246,,,,,2015,,
536,Af2,DistToCoast_km,279.6115903,,,,,2015,,
537,Af20,DistToCoast_km,24.70923246,,,,,2015,,
538,Af21,DistToCoast_km,0.580297645,,,,,2015,,
539,Af22,DistToCoast_km,9.562104728,,,,,2015,,
540,Af23,DistToCoast_km,121.2914158,,,,,2015,,
541,Af24,DistToCoast_km,61.89000074,,,,,2015,,
542,Af25,DistToCoast_km,55.91345938,,,,,2015,,
543,Af26,DistToCoast_km,133.6420275,,,,,2015,,
544,Af27,DistToCoast_km,340.6380989,,,,,2015,,
545,Af28,DistToCoast_km,592.9601751,,,,,2015,,
546,Af29,DistToCoast_km,230.5246477,,,,,2015,,
547,Af3,DistToCoast_km,221.8744824,,,,,2015,,
548,Af30,DistToCoast_km,213.533296,,,,,2015,,
549,Af31,DistToCoast_km,1336.630614,,,,,2015,,
550,Af32,DistToCoast_km,65.74811469,,,,,2015,,
551,Af33,DistToCoast_km,192.9606145,,,,,2015,,
552,Af34,DistToCoast_km,93.32954177,,,,,2015,,
553,Af35,DistToCoast_km,34.27083822,,,,,2015,,
554,Af36,DistToCoast_km,100.1396079,,,,,2015,,
555,Af37,DistToCoast_km,146.5371583,,,,,2015,,
556,Af38,DistToCoast_km,282.7797889,,,,,2015,,
557,Af39,DistToCoast_km,192.6087588,,,,,2015,,
558,Af4,DistToCoast_km,121.2914158,,,,,2015,,
559,Af40,DistToCoast_km,10.99952359,,,,,2015,,
560,Af41,DistToCoast_km,82.03265642,,,,,2015,,
561,Af42,DistToCoast_km,82.55932336,,,,,2015,,
562,Af43,DistToCoast_km,34.27083822,,,,,2015,,
563,Af44,DistToCoast_km,2.541786303,,,,,2015,,
564,Af45,DistToCoast_km,3.334697834,,,,,2015,,
565,Af46,DistToCoast_km,38.54367484,,,,,2015,,
566,Af47,DistToCoast_km,151.118007,,,,,2015,,
567,Af48,DistToCoast_km,2.934029919,,,,,2015,,
568,Af49,DistToCoast_km,84.33114513,,,,,2015,,
569,Af5,DistToCoast_km,127.2856216,,,,,2015,,
570,Af50,DistToCoast_km,340.6380989,,,,,2015,,
571,Af51,DistToCoast_km,212.8337808,,,,,2015,,
572,Af52,DistToCoast_km,212.8337808,,,,,2015,,
573,Af53,DistToCoast_km,345.9329057,,,,,2015,,
574,Af54,DistToCoast_km,190.7407718,,,,,2015,,
575,Af55,DistToCoast_km,34.5245833,,,,,2015,,
576,Af56,DistToCoast_km,240.7134997,,,,,2015,,
577,Af57,DistToCoast_km,24.35381023,,,,,2015,,
578,Af58,DistToCoast_km,11.62239018,,,,,2015,,
579,Af6,DistToCoast_km,153.5840515,,,,,2015,,
580,Af7,DistToCoast_km,143.9754252,,,,,2015,,
581,Af8,DistToCoast_km,339.5019103,,,,,2015,,
582,Af9,DistToCoast_km,314.6058877,,,,,2015,,
583,Ag1,DistToCoast_km,796.4899036,,,,,2015,,
584,Ag10,DistToCoast_km,449.6231875,,,,,2015,,
585,Ag11,DistToCoast_km,524.3992648,,,,,2015,,
586,Ag12,DistToCoast_km,487.9272103,,,,,2015,,
587,Ag13,DistToCoast_km,592.6317948,,,,,2015,,
588,Ag14,DistToCoast_km,1.448569796,,,,,2015,,
589,Ag15,DistToCoast_km,5.027584417,,,,,2015,,
590,Ag16,DistToCoast_km,5.027584417,,,,,2015,,
591,Ag17,DistToCoast_km,1.262816245,,,,,2015,,
592,Ag18,DistToCoast_km,3.307996852,,,,,2015,,
593,Ag19,DistToCoast_km,29.90828999,,,,,2015,,
594,Ag2,DistToCoast_km,837.0504269,,,,,2015,,
595,Ag20,DistToCoast_km,5.027584417,,,,,2015,,
596,Ag21,DistToCoast_km,208.2325241,,,,,2015,,
597,Ag22,DistToCoast_km,388.7768261,,,,,2015,,
598,Ag23,DistToCoast_km,442.4179235,,,,,2015,,
599,Ag24,DistToCoast_km,207.875794,,,,,2015,,
600,Ag25,DistToCoast_km,1119.858589,,,,,2015,,
601,Ag26,DistToCoast_km,322.724568,,,,,2015,,
602,Ag27,DistToCoast_km,413.7956157,,,,,2015,,
603,Ag28,DistToCoast_km,966.8885204,,,,,2015,,
604,Ag29,DistToCoast_km,860.7813058,,,,,2015,,
605,Ag3,DistToCoast_km,1080.893576,,,,,2015,,
606,Ag30,DistToCoast_km,856.2539208,,,,,2015,,
607,Ag31,DistToCoast_km,762.643646,,,,,2015,,
608,Ag32,DistToCoast_km,541.9167582,,,,,2015,,
609,Ag33,DistToCoast_km,640.8570655,,,,,2015,,
610,Ag34,DistToCoast_km,635.0098599,,,,,2015,,
611,Ag35,DistToCoast_km,207.9896202,,,,,2015,,
612,Ag36,DistToCoast_km,640.8570655,,,,,2015,,
613,Ag37,DistToCoast_km,628.5089954,,,,,2015,,
614,Ag38,DistToCoast_km,628.5089954,,,,,2015,,
615,Ag39,DistToCoast_km,640.8570655,,,,,2015,,
616,Ag4,DistToCoast_km,592.6317948,,,,,2015,,
617,Ag40,DistToCoast_km,528.1225001,,,,,2015,,
618,Ag41,DistToCoast_km,555.0985984,,,,,2015,,
619,Ag42,DistToCoast_km,750.718709,,,,,2015,,
620,Ag43,DistToCoast_km,326.3600723,,,,,2015,,
621,Ag44,DistToCoast_km,346.110549,,,,,2015,,
622,Ag45,DistToCoast_km,617.9599747,,,,,2015,,
623,Ag46,DistToCoast_km,487.9272103,,,,,2015,,
624,Ag47,DistToCoast_km,731.848097,,,,,2015,,
625,Ag48,DistToCoast_km,313.9768826,,,,,2015,,
626,Ag49,DistToCoast_km,404.9345188,,,,,2015,,
627,Ag5,DistToCoast_km,531.3155029,,,,,2015,,
628,Ag50,DistToCoast_km,528.8481968,,,,,2015,,
629,Ag51,DistToCoast_km,528.8481968,,,,,2015,,
630,Ag52,DistToCoast_km,528.8481968,,,,,2015,,
631,Ag53,DistToCoast_km,661.9106848,,,,,2015,,
632,Ag54,DistToCoast_km,160.9083011,,,,,2015,,
633,Ag6,DistToCoast_km,138.4575366,,,,,2015,,
634,Ag7,DistToCoast_km,972.8756053,,,,,2015,,
635,Ag8,DistToCoast_km,238.5810124,,,,,2015,,
636,Ag9,DistToCoast_km,495.9487367,,,,,2015,,
637,Ah1,DistToCoast_km,531.8108881,,,,,2015,,
638,Ah10,DistToCoast_km,567.1526286,,,,,2015,,
639,Ah11,DistToCoast_km,340.6380989,,,,,2015,,
640,Ah12,DistToCoast_km,287.9966761,,,,,2015,,
641,Ah13,DistToCoast_km,608.1104714,,,,,2015,,
642,Ah14,DistToCoast_km,538.2757395,,,,,2015,,
643,Ah15,DistToCoast_km,500.3635372,,,,,2015,,
644,Ah16,DistToCoast_km,458.0917736,,,,,2015,,
645,Ah17,DistToCoast_km,567.1526286,,,,,2015,,
646,Ah18,DistToCoast_km,592.9601751,,,,,2015,,
647,Ah19,DistToCoast_km,531.8108881,,,,,2015,,
648,Ah2,DistToCoast_km,382.232952,,,,,2015,,
649,Ah20,DistToCoast_km,531.8108881,,,,,2015,,
650,Ah21,DistToCoast_km,567.1526286,,,,,2015,,
651,Ah22,DistToCoast_km,487.6771583,,,,,2015,,
652,Ah23,DistToCoast_km,432.4736146,,,,,2015,,
653,Ah24,DistToCoast_km,280.7817195,,,,,2015,,
654,Ah25,DistToCoast_km,1365.604253,,,,,2015,,
655,Ah26,DistToCoast_km,346.1371326,,,,,2015,,
656,Ah27,DistToCoast_km,346.1371326,,,,,2015,,
657,Ah28,DistToCoast_km,432.4736146,,,,,2015,,
658,Ah29,DistToCoast_km,432.4736146,,,,,2015,,
659,Ah3,DistToCoast_km,243.395506,,,,,2015,,
660,Ah30,DistToCoast_km,678.1381882,,,,,2015,,
661,Ah31,DistToCoast_km,586.4396351,,,,,2015,,
662,Ah32,DistToCoast_km,651.2491996,,,,,2015,,
663,Ah33,DistToCoast_km,678.1381882,,,,,2015,,
664,Ah34,DistToCoast_km,741.1432358,,,,,2015,,
665,Ah35,DistToCoast_km,678.1381882,,,,,2015,,
666,Ah36,DistToCoast_km,741.1432358,,,,,2015,,
667,Ah37,DistToCoast_km,741.1432358,,,,,2015,,
668,Ah38,DistToCoast_km,896.0752742,,,,,2015,,
669,Ah39,DistToCoast_km,896.0752742,,,,,2015,,
670,Ah4,DistToCoast_km,407.7270696,,,,,2015,,
671,Ah5,DistToCoast_km,830.3541222,,,,,2015,,
672,Ah6,DistToCoast_km,531.8108881,,,,,2015,,
673,Ah7,DistToCoast_km,896.0752742,,,,,2015,,
674,Ah8,DistToCoast_km,328.228507,,,,,2015,,
675,Ah9,DistToCoast_km,567.1526286,,,,,2015,,
676,Ai1,DistToCoast_km,1393.112677,,,,,2015,,
677,Ai10,DistToCoast_km,994.7407614,,,,,2015,,
678,Ai11,DistToCoast_km,1496.999198,,,,,2015,,
679,Ai12,DistToCoast_km,805.0318776,,,,,2015,,
680,Ai13,DistToCoast_km,817.4113092,,,,,2015,,
681,Ai14,DistToCoast_km,571.8682568,,,,,2015,,
682,Ai15,DistToCoast_km,805.0318776,,,,,2015,,
683,Ai16,DistToCoast_km,651.2491996,,,,,2015,,
684,Ai17,DistToCoast_km,805.0318776,,,,,2015,,
685,Ai18,DistToCoast_km,1048.741043,,,,,2015,,
686,Ai19,DistToCoast_km,959.3362818,,,,,2015,,
687,Ai2,DistToCoast_km,1044.650252,,,,,2015,,
688,Ai20,DistToCoast_km,874.6656148,,,,,2015,,
689,Ai21,DistToCoast_km,1107.252757,,,,,2015,,
690,Ai22,DistToCoast_km,1063.196718,,,,,2015,,
691,Ai23,DistToCoast_km,1003.24324,,,,,2015,,
692,Ai24,DistToCoast_km,937.092778,,,,,2015,,
693,Ai25,DistToCoast_km,1227.735408,,,,,2015,,
694,Ai26,DistToCoast_km,1338.620134,,,,,2015,,
695,Ai27,DistToCoast_km,1645.213092,,,,,2015,,
696,Ai28,DistToCoast_km,1643.760959,,,,,2015,,
697,Ai29,DistToCoast_km,1248.696994,,,,,2015,,
698,Ai3,DistToCoast_km,1697.737699,,,,,2015,,
699,Ai30,DistToCoast_km,1350.530497,,,,,2015,,
700,Ai31,DistToCoast_km,1298.840821,,,,,2015,,
701,Ai32,DistToCoast_km,1109.964657,,,,,2015,,
702,Ai33,DistToCoast_km,1176.224999,,,,,2015,,
703,Ai34,DistToCoast_km,1419.530517,,,,,2015,,
704,Ai35,DistToCoast_km,1472.82709,,,,,2015,,
705,Ai36,DistToCoast_km,1498.525446,,,,,2015,,
706,Ai37,DistToCoast_km,994.7407614,,,,,2015,,
707,Ai38,DistToCoast_km,1195.220439,,,,,2015,,
708,Ai39,DistToCoast_km,1140.913028,,,,,2015,,
709,Ai4,DistToCoast_km,767.3837915,,,,,2015,,
710,Ai40,DistToCoast_km,1140.913028,,,,,2015,,
711,Ai41,DistToCoast_km,1140.913028,,,,,2015,,
712,Ai42,DistToCoast_km,1177.516833,,,,,2015,,
713,Ai43,DistToCoast_km,1177.516833,,,,,2015,,
714,Ai44,DistToCoast_km,1001.706749,,,,,2015,,
715,Ai45,DistToCoast_km,838.301216,,,,,2015,,
716,Ai46,DistToCoast_km,846.9560525,,,,,2015,,
717,Ai47,DistToCoast_km,846.9560525,,,,,2015,,
718,Ai5,DistToCoast_km,1397.00229,,,,,2015,,
719,Ai6,DistToCoast_km,1009.740058,,,,,2015,,
720,Ai7,DistToCoast_km,723.8674987,,,,,2015,,
721,Ai8,DistToCoast_km,1093.896932,,,,,2015,,
722,Ai9,DistToCoast_km,951.7626286,,,,,2015,,
723,Aj1,DistToCoast_km,864.9740853,,,,,2015,,
724,Aj10,DistToCoast_km,1109.964657,,,,,2015,,
725,Aj11,DistToCoast_km,1346.582653,,,,,2015,,
726,Aj12,DistToCoast_km,1085.668909,,,,,2015,,
727,Aj13,DistToCoast_km,1264.581597,,,,,2015,,
728,Aj14,DistToCoast_km,1264.581597,,,,,2015,,
729,Aj15,DistToCoast_km,1176.224999,,,,,2015,,
730,Aj16,DistToCoast_km,1385.321364,,,,,2015,,
731,Aj17,DistToCoast_km,1148.618609,,,,,2015,,
732,Aj18,DistToCoast_km,1000.151403,,,,,2015,,
733,Aj19,DistToCoast_km,999.3010699,,,,,2015,,
734,Aj2,DistToCoast_km,455.2842844,,,,,2015,,
735,Aj20,DistToCoast_km,1028.833284,,,,,2015,,
736,Aj21,DistToCoast_km,930.5932816,,,,,2015,,
737,Aj22,DistToCoast_km,930.5932816,,,,,2015,,
738,Aj23,DistToCoast_km,622.594942,,,,,2015,,
739,Aj24,DistToCoast_km,1074.96185,,,,,2015,,
740,Aj25,DistToCoast_km,555.4463912,,,,,2015,,
741,Aj26,DistToCoast_km,622.594942,,,,,2015,,
742,Aj27,DistToCoast_km,709.7632317,,,,,2015,,
743,Aj28,DistToCoast_km,433.2046947,,,,,2015,,
744,Aj29,DistToCoast_km,530.8170513,,,,,2015,,
745,Aj3,DistToCoast_km,1150.047454,,,,,2015,,
746,Aj30,DistToCoast_km,864.9740853,,,,,2015,,
747,Aj31,DistToCoast_km,1155.63443,,,,,2015,,
748,Aj4,DistToCoast_km,955.9250446,,,,,2015,,
749,Aj5,DistToCoast_km,918.3025321,,,,,2015,,
750,Aj6,DistToCoast_km,703.5520249,,,,,2015,,
751,Aj7,DistToCoast_km,651.5964291,,,,,2015,,
752,Aj8,DistToCoast_km,1241.036857,,,,,2015,,
753,Aj9,DistToCoast_km,503.7506822,,,,,2015,,
754,Ca1,DistToCoast_km,861.7976223,,,,,2015,,
755,Ca10,DistToCoast_km,126.2892659,,,,,2015,,
756,Ca11,DistToCoast_km,477.9605754,,,,,2015,,
757,Ca12,DistToCoast_km,720.7492932,,,,,2015,,
758,Ca13,DistToCoast_km,666.6480813,,,,,2015,,
759,Ca14,DistToCoast_km,774.712142,,,,,2015,,
760,Ca15,DistToCoast_km,788.080033,,,,,2015,,
761,Ca16,DistToCoast_km,705.3948534,,,,,2015,,
762,Ca17,DistToCoast_km,853.3573333,,,,,2015,,
763,Ca18,DistToCoast_km,853.3573333,,,,,2015,,
764,Ca19,DistToCoast_km,942.6048684,,,,,2015,,
765,Ca2,DistToCoast_km,186.5558475,,,,,2015,,
766,Ca20,DistToCoast_km,932.6300955,,,,,2015,,
767,Ca21,DistToCoast_km,932.6300955,,,,,2015,,
768,Ca22,DistToCoast_km,861.7976223,,,,,2015,,
769,Ca23,DistToCoast_km,861.7976223,,,,,2015,,
770,Ca24,DistToCoast_km,942.6048684,,,,,2015,,
771,Ca25,DistToCoast_km,861.7976223,,,,,2015,,
772,Ca26,DistToCoast_km,861.7976223,,,,,2015,,
773,Ca27,DistToCoast_km,846.9560525,,,,,2015,,
774,Ca28,DistToCoast_km,861.7976223,,,,,2015,,
775,Ca29,DistToCoast_km,631.2629242,,,,,2015,,
776,Ca3,DistToCoast_km,143.1928873,,,,,2015,,
777,Ca30,DistToCoast_km,874.2658524,,,,,2015,,
778,Ca31,DistToCoast_km,450.9177417,,,,,2015,,
779,Ca32,DistToCoast_km,131.7737227,,,,,2015,,
780,Ca33,DistToCoast_km,266.6871148,,,,,2015,,
781,Ca34,DistToCoast_km,128.8601358,,,,,2015,,
782,Ca35,DistToCoast_km,123.5236108,,,,,2015,,
783,Ca36,DistToCoast_km,31.12598167,,,,,2015,,
784,Ca37,DistToCoast_km,336.1424074,,,,,2015,,
785,Ca38,DistToCoast_km,4.2116251,,,,,2015,,
786,Ca39,DistToCoast_km,720.7492932,,,,,2015,,
787,Ca4,DistToCoast_km,464.5433271,,,,,2015,,
788,Ca40,DistToCoast_km,788.080033,,,,,2015,,
789,Ca41,DistToCoast_km,788.080033,,,,,2015,,
790,Ca42,DistToCoast_km,874.2658524,,,,,2015,,
791,Ca43,DistToCoast_km,177.3873644,,,,,2015,,
792,Ca5,DistToCoast_km,228.1661448,,,,,2015,,
793,Ca6,DistToCoast_km,72.79332208,,,,,2015,,
794,Ca7,DistToCoast_km,296.3932652,,,,,2015,,
795,Ca8,DistToCoast_km,631.2629242,,,,,2015,,
796,Ca9,DistToCoast_km,359.3504545,,,,,2015,,
797,Cb1,DistToCoast_km,805.8131981,,,,,2015,,
798,Cb10,DistToCoast_km,836.8731634,,,,,2015,,
799,Cb11,DistToCoast_km,1149.230024,,,,,2015,,
800,Cb12,DistToCoast_km,850.3767273,,,,,2015,,
801,Cb13,DistToCoast_km,1592.849946,,,,,2015,,
802,Cb14,DistToCoast_km,1366.086086,,,,,2015,,
803,Cb15,DistToCoast_km,1332.354804,,,,,2015,,
804,Cb16,DistToCoast_km,1137.073338,,,,,2015,,
805,Cb17,DistToCoast_km,1627.008345,,,,,2015,,
806,Cb18,DistToCoast_km,1170.078603,,,,,2015,,
807,Cb19,DistToCoast_km,924.1643225,,,,,2015,,
808,Cb2,DistToCoast_km,5.663459919,,,,,2015,,
809,Cb20,DistToCoast_km,708.7850539,,,,,2015,,
810,Cb21,DistToCoast_km,563.3477812,,,,,2015,,
811,Cb22,DistToCoast_km,876.6114573,,,,,2015,,
812,Cb23,DistToCoast_km,190.7793101,,,,,2015,,
813,Cb24,DistToCoast_km,874.7027203,,,,,2015,,
814,Cb25,DistToCoast_km,931.9070264,,,,,2015,,
815,Cb26,DistToCoast_km,627.1781302,,,,,2015,,
816,Cb27,DistToCoast_km,678.1381882,,,,,2015,,
817,Cb28,DistToCoast_km,678.1381882,,,,,2015,,
818,Cb29,DistToCoast_km,805.8131981,,,,,2015,,
819,Cb3,DistToCoast_km,1224.979447,,,,,2015,,
820,Cb4,DistToCoast_km,786.9266736,,,,,2015,,
821,Cb5,DistToCoast_km,1137.073338,,,,,2015,,
822,Cb6,DistToCoast_km,774.7645045,,,,,2015,,
823,Cb7,DistToCoast_km,731.6606127,,,,,2015,,
824,Cb8,DistToCoast_km,716.7383684,,,,,2015,,
825,Cb9,DistToCoast_km,777.2541155,,,,,2015,,
826,Cc1,DistToCoast_km,343.0529371,,,,,2015,,
827,Cc10,DistToCoast_km,1336.630614,,,,,2015,,
828,Cc11,DistToCoast_km,896.9133393,,,,,2015,,
829,Cc12,DistToCoast_km,1490.091736,,,,,2015,,
830,Cc13,DistToCoast_km,1092.508005,,,,,2015,,
831,Cc14,DistToCoast_km,1473.342338,,,,,2015,,
832,Cc15,DistToCoast_km,250.8141885,,,,,2015,,
833,Cc16,DistToCoast_km,508.3281892,,,,,2015,,
834,Cc17,DistToCoast_km,155.8514376,,,,,2015,,
835,Cc18,DistToCoast_km,1439.528444,,,,,2015,,
836,Cc19,DistToCoast_km,108.6143229,,,,,2015,,
837,Cc2,DistToCoast_km,1046.658072,,,,,2015,,
838,Cc20,DistToCoast_km,849.7807442,,,,,2015,,
839,Cc3,DistToCoast_km,280.5384318,,,,,2015,,
840,Cc4,DistToCoast_km,419.3951817,,,,,2015,,
841,Cc5,DistToCoast_km,1378.926775,,,,,2015,,
842,Cc6,DistToCoast_km,709.7200331,,,,,2015,,
843,Cc7,DistToCoast_km,1132.461588,,,,,2015,,
844,Cc8,DistToCoast_km,185.6523653,,,,,2015,,
845,Cc9,DistToCoast_km,1239.624492,,,,,2015,,
846,Cd1,DistToCoast_km,260.2541059,,,,,2015,,
847,Cd10,DistToCoast_km,119.10967,,,,,2015,,
848,Cd11,DistToCoast_km,12.78353341,,,,,2015,,
849,Cd12,DistToCoast_km,566.0803421,,,,,2015,,
850,Cd13,DistToCoast_km,411.1582302,,,,,2015,,
851,Cd14,DistToCoast_km,173.6908436,,,,,2015,,
852,Cd15,DistToCoast_km,32.93024227,,,,,2015,,
853,Cd16,DistToCoast_km,47.40882277,,,,,2015,,
854,Cd17,DistToCoast_km,183.6175573,,,,,2015,,
855,Cd18,DistToCoast_km,120.6768502,,,,,2015,,
856,Cd19,DistToCoast_km,1.852731271,,,,,2015,,
857,Cd2,DistToCoast_km,171.6906492,,,,,2015,,
858,Cd20,DistToCoast_km,174.8614414,,,,,2015,,
859,Cd21,DistToCoast_km,16.08152508,,,,,2015,,
860,Cd3,DistToCoast_km,25.14884215,,,,,2015,,
861,Cd4,DistToCoast_km,96.37084946,,,,,2015,,
862,Cd5,DistToCoast_km,64.43318126,,,,,2015,,
863,Cd6,DistToCoast_km,131.0658681,,,,,2015,,
864,Cd7,DistToCoast_km,85.53876713,,,,,2015,,
865,Cd8,DistToCoast_km,98.01740754,,,,,2015,,
866,Cd9,DistToCoast_km,58.84171066,,,,,2015,,
867,Ce1,DistToCoast_km,39.52133574,,,,,2015,,
868,Ce2,DistToCoast_km,136.8755847,,,,,2015,,
869,Ce3,DistToCoast_km,0.893110478,,,,,2015,,
870,Ce4,DistToCoast_km,68.57858093,,,,,2015,,
871,Ce5,DistToCoast_km,5.306734773,,,,,2015,,
872,Ce6,DistToCoast_km,33.20523679,,,,,2015,,
873,Ce7,DistToCoast_km,1.381184862,,,,,2015,,
874,Ce8,DistToCoast_km,32.39253565,,,,,2015,,
875,Cf1,DistToCoast_km,77.99857602,,,,,2015,,
876,Cf2,DistToCoast_km,810.6571132,,,,,2015,,
877,Cf3,DistToCoast_km,3.10453389,,,,,2015,,
878,Cf4,DistToCoast_km,35.5646679,,,,,2015,,
879,Cf5,DistToCoast_km,62.94089978,,,,,2015,,
880,Cg1,DistToCoast_km,29.15123603,,,,,2015,,
881,Cg2,DistToCoast_km,36.02266784,,,,,2015,,
882,Cg3,DistToCoast_km,14.27561064,,,,,2015,,
883,Cg4,DistToCoast_km,164.8619215,,,,,2015,,
884,Cg5,DistToCoast_km,159.421834,,,,,2015,,
885,Ch1,DistToCoast_km,195.5169722,,,,,2015,,
886,Ch10,DistToCoast_km,216.6479243,,,,,2015,,
887,Ch11,DistToCoast_km,648.5905329,,,,,2015,,
888,Ch2,DistToCoast_km,544.8786048,,,,,2015,,
889,Ch3,DistToCoast_km,412.3305714,,,,,2015,,
890,Ch4,DistToCoast_km,363.7133974,,,,,2015,,
891,Ch5,DistToCoast_km,230.9109317,,,,,2015,,
892,Ch6,DistToCoast_km,332.0023848,,,,,2015,,
893,Ch7,DistToCoast_km,143.6592597,,,,,2015,,
894,Ch8,DistToCoast_km,450.4682064,,,,,2015,,
895,Ch9,DistToCoast_km,174.6180458,,,,,2015,,
896,Ci1,DistToCoast_km,513.4566265,,,,,2015,,
897,Ci10,DistToCoast_km,334.701095,,,,,2015,,
898,Ci11,DistToCoast_km,433.998889,,,,,2015,,
899,Ci12,DistToCoast_km,0.789962886,,,,,2015,,
900,Ci2,DistToCoast_km,284.9809099,,,,,2015,,
901,Ci3,DistToCoast_km,516.0449934,,,,,2015,,
902,Ci4,DistToCoast_km,136.3834548,,,,,2015,,
903,Ci5,DistToCoast_km,138.2960242,,,,,2015,,
904,Ci6,DistToCoast_km,208.6526667,,,,,2015,,
905,Ci7,DistToCoast_km,363.7133974,,,,,2015,,
906,Ci8,DistToCoast_km,267.5333586,,,,,2015,,
907,Ci9,DistToCoast_km,129.6467011,,,,,2015,,
908,Cj1,DistToCoast_km,1.926823597,,,,,2015,,
909,Cj10,DistToCoast_km,137.9464633,,,,,2015,,
910,Cj2,DistToCoast_km,163.6763567,,,,,2015,,
911,Cj3,DistToCoast_km,23.76469506,,,,,2015,,
912,Cj4,DistToCoast_km,354.0869553,,,,,2015,,
913,Cj5,DistToCoast_km,151.5758515,,,,,2015,,
914,Cj6,DistToCoast_km,114.1917163,,,,,2015,,
915,Cj7,DistToCoast_km,32.75528861,,,,,2015,,
916,Cj8,DistToCoast_km,4.304521606,,,,,2015,,
917,Cj9,DistToCoast_km,196.2113661,,,,,2015,,
918,Ea1,DistToCoast_km,75.51302005,,,,,2015,,
919,Ea10,DistToCoast_km,546.4108594,,,,,2015,,
920,Ea11,DistToCoast_km,831.8325107,,,,,2015,,
921,Ea12,DistToCoast_km,143.3824475,,,,,2015,,
922,Ea13,DistToCoast_km,952.5930336,,,,,2015,,
923,Ea2,DistToCoast_km,1168.220422,,,,,2015,,
924,Ea3,DistToCoast_km,1039.846573,,,,,2015,,
925,Ea4,DistToCoast_km,1214.908286,,,,,2015,,
926,Ea5,DistToCoast_km,1229.969226,,,,,2015,,
927,Ea6,DistToCoast_km,101.8709622,,,,,2015,,
928,Ea7,DistToCoast_km,949.0404267,,,,,2015,,
929,Ea8,DistToCoast_km,289.6311111,,,,,2015,,
930,Ea9,DistToCoast_km,663.1199292,,,,,2015,,
931,Eb1,DistToCoast_km,2029.644235,,,,,2015,,
932,Eb2,DistToCoast_km,1521.43144,,,,,2015,,
933,Eb3,DistToCoast_km,1858.74453,,,,,2015,,
934,Eb4,DistToCoast_km,817.0349299,,,,,2015,,
935,Eb5,DistToCoast_km,1297.043703,,,,,2015,,
936,Eb6,DistToCoast_km,1636.116841,,,,,2015,,
937,Eb7,DistToCoast_km,313.0325579,,,,,2015,,
938,Eb8,DistToCoast_km,1500.494612,,,,,2015,,
939,Ec1,DistToCoast_km,5.451180397,,,,,2015,,
940,Ec10,DistToCoast_km,476.7842877,,,,,2015,,
941,Ec11,DistToCoast_km,1095.042166,,,,,2015,,
942,Ec2,DistToCoast_km,684.2724597,,,,,2015,,
943,Ec3,DistToCoast_km,168,,Distance to coast corrected manually; calculated value was influenced by map edge (society is close to 180 degrees East),,,2015,,
944,Ec4,DistToCoast_km,6.875739291,,,,,2015,,
945,Ec5,DistToCoast_km,7.435165532,,,,,2015,,
946,Ec6,DistToCoast_km,173.9135588,,,,,2015,,
947,Ec7,DistToCoast_km,8.64568909,,,,,2015,,
948,Ec8,DistToCoast_km,807.8448263,,,,,2015,,
949,Ec9,DistToCoast_km,406.5630043,,,,,2015,,
950,Ed1,DistToCoast_km,1442.32688,,,,,2015,,
951,Ed10,DistToCoast_km,89.44204113,,,,,2015,,
952,Ed13,DistToCoast_km,0.466640386,,,,,2015,,
953,Ed14,DistToCoast_km,197.583244,,,,,2015,,
954,Ed15a,DistToCoast_km,1.807745706,,,,,2015,,
955,Ed15b,DistToCoast_km,77.85668013,,,,,2015,,
956,Ed16,DistToCoast_km,39.49143791,,,,,2015,,
957,Ed2,DistToCoast_km,954.0340102,,,,,2015,,
958,Ed3,DistToCoast_km,455.8052781,,,,,2015,,
959,Ed4,DistToCoast_km,478.7235651,,,,,2015,,
960,Ed5,DistToCoast_km,55.46628876,,,,,2015,,
961,Ed6,DistToCoast_km,125.6764889,,,,,2015,,
962,Ed7,DistToCoast_km,1.42427991,,,,,2015,,
963,Ed8,DistToCoast_km,869.8863788,,,,,2015,,
964,Ed9,DistToCoast_km,36.70466069,,,,,2015,,
965,Ee1,DistToCoast_km,681.2416069,,,,,2015,,
966,Ee2,DistToCoast_km,1499.721802,,,,,2015,,
967,Ee3,DistToCoast_km,604.3000209,,,,,2015,,
968,Ee4,DistToCoast_km,801.7549327,,,,,2015,,
969,Ee5,DistToCoast_km,1214.908286,,,,,2015,,
970,Ee6,DistToCoast_km,648.1548199,,,,,2015,,
971,Ee7,DistToCoast_km,474.0987465,,,,,2015,,
972,Ee8,DistToCoast_km,757.4019556,,,,,2015,,
973,Ef1,DistToCoast_km,222.7970077,,,,,2015,,
974,Ef10,DistToCoast_km,370.2227531,,,,,2015,,
975,Ef11,DistToCoast_km,646.6812505,,,,,2015,,
976,Ef2,DistToCoast_km,86.04913918,,,,,2015,,
977,Ef3,DistToCoast_km,880.8870641,,,,,2015,,
978,Ef4,DistToCoast_km,208.782346,,,,,2015,,
979,Ef5,DistToCoast_km,115.8234175,,,,,2015,,
980,Ef6,DistToCoast_km,269.3684349,,,,,2015,,
981,Ef7,DistToCoast_km,996.2310561,,,,,2015,,
982,Ef8,DistToCoast_km,1242.055886,,,,,2015,,
983,Ef9,DistToCoast_km,426.8065123,,,,,2015,,
984,Eg1,DistToCoast_km,139.1914969,,,,,2015,,
985,Eg10,DistToCoast_km,286.7774024,,,,,2015,,
986,Eg11,DistToCoast_km,437.3742462,,,,,2015,,
987,Eg12,DistToCoast_km,101.4075929,,,,,2015,,
988,Eg13,DistToCoast_km,344.7065963,,,,,2015,,
989,Eg14,DistToCoast_km,101.4075929,,,,,2015,,
990,Eg2,DistToCoast_km,86.48035553,,,,,2015,,
991,Eg3,DistToCoast_km,253.2860798,,,,,2015,,
992,Eg4,DistToCoast_km,152.8133288,,,,,2015,,
993,Eg5,DistToCoast_km,59.19497672,,,,,2015,,
994,Eg6,DistToCoast_km,14.23404517,,,,,2015,,
995,Eg7,DistToCoast_km,154.8196422,,,,,2015,,
996,Eg8,DistToCoast_km,208.782346,,,,,2015,,
997,Eg9,DistToCoast_km,504.3552087,,,,,2015,,
998,Eh1,DistToCoast_km,1.611491541,,,,,2015,,
999,Eh10,DistToCoast_km,104.3342255,,,,,2015,,
1000,Eh2,DistToCoast_km,168.6190388,,,,,2015,,
1001,Eh3,DistToCoast_km,104.3342255,,,,,2015,,
1002,Eh4,DistToCoast_km,50.33455778,,,,,2015,,
1003,Eh5,DistToCoast_km,4.843382918,,,,,2015,,
1004,Eh6,DistToCoast_km,12.85621558,,,,,2015,,
1005,Eh7,DistToCoast_km,30.90626797,,,,,2015,,
1006,Eh8,DistToCoast_km,6.017989245,,,,,2015,,
1007,Eh9,DistToCoast_km,7.504016034,,,,,2015,,
1008,Ei1,DistToCoast_km,358.8714252,,,,,2015,,
1009,Ei10,DistToCoast_km,58.63437362,,,,,2015,,
1010,Ei11,DistToCoast_km,357.6927534,,,,,2015,,
1011,Ei12,DistToCoast_km,357.6927534,,,,,2015,,
1012,Ei13,DistToCoast_km,441.9658651,,,,,2015,,
1013,Ei14,DistToCoast_km,535.4273797,,,,,2015,,
1014,Ei15,DistToCoast_km,441.9658651,,,,,2015,,
1015,Ei16,DistToCoast_km,507.0576246,,,,,2015,,
1016,Ei17,DistToCoast_km,441.9658651,,,,,2015,,
1017,Ei18,DistToCoast_km,478.9275662,,,,,2015,,
1018,Ei19,DistToCoast_km,183.4239308,,,,,2015,,
1019,Ei2,DistToCoast_km,535.4273797,,,,,2015,,
1020,Ei20,DistToCoast_km,58.63437362,,,,,2015,,
1021,Ei3,DistToCoast_km,118.8891435,,,,,2015,,
1022,Ei4,DistToCoast_km,106.9447308,,,,,2015,,
1023,Ei5,DistToCoast_km,662.5308713,,,,,2015,,
1024,Ei6,DistToCoast_km,357.6927534,,,,,2015,,
1025,Ei7,DistToCoast_km,0.165044958,,,,,2015,,
1026,Ei8,DistToCoast_km,362.6735521,,,,,2015,,
1027,Ei9,DistToCoast_km,3.686669978,,,,,2015,,
1028,Ej1,DistToCoast_km,497.3514569,,,,,2015,,
1029,Ej10,DistToCoast_km,136.1630288,,,,,2015,,
1030,Ej11,DistToCoast_km,13.96304025,,,,,2015,,
1031,Ej12,DistToCoast_km,127.3057743,,,,,2015,,
1032,Ej13,DistToCoast_km,154.0123664,,,,,2015,,
1033,Ej14,DistToCoast_km,109.424031,,,,,2015,,
1034,Ej15,DistToCoast_km,171.9535421,,,,,2015,,
1035,Ej16,DistToCoast_km,424.1964114,,,,,2015,,
1036,Ej2,DistToCoast_km,160.2093715,,,,,2015,,
1037,Ej3,DistToCoast_km,45.35275824,,,,,2015,,
1038,Ej4,DistToCoast_km,11.58312463,,,,,2015,,
1039,Ej5,DistToCoast_km,174.662895,,,,,2015,,
1040,Ej6,DistToCoast_km,1.023265753,,,,,2015,,
1041,Ej7,DistToCoast_km,507.0322419,,,,,2015,,
1042,Ej8,DistToCoast_km,31.68195247,,,,,2015,,
1043,Ej9,DistToCoast_km,164.9133346,,,,,2015,,
1044,Ia1,DistToCoast_km,53.85226821,,,,,2015,,
1045,Ia10,DistToCoast_km,53.85226821,,,,,2015,,
1046,Ia11,DistToCoast_km,25.08443572,,,,,2015,,
1047,Ia12,DistToCoast_km,7.62473551,,,,,2015,,
1048,Ia13,DistToCoast_km,0.356665998,,,,,2015,,
1049,Ia14,DistToCoast_km,0.666581048,,,,,2015,,
1050,Ia15,DistToCoast_km,39.53946765,,,,,2015,,
1051,Ia16,DistToCoast_km,53.26023811,,,,,2015,,
1052,Ia17,DistToCoast_km,12.21069071,,,,,2015,,
1053,Ia18,DistToCoast_km,18.21563415,,,,,2015,,
1054,Ia2,DistToCoast_km,58.61403371,,,,,2015,,
1055,Ia3,DistToCoast_km,58.61403371,,,,,2015,,
1056,Ia4,DistToCoast_km,19.11897528,,,,,2015,,
1057,Ia5,DistToCoast_km,25.18045542,,,,,2015,,
1058,Ia6,DistToCoast_km,15.2520347,,,,,2015,,
1059,Ia7,DistToCoast_km,0.376403738,,,,,2015,,
1060,Ia8,DistToCoast_km,58.61403371,,,,,2015,,
1061,Ia9,DistToCoast_km,1.803509608,,,,,2015,,
1062,Ib1,DistToCoast_km,68.5348318,,,,,2015,,
1063,Ib2,DistToCoast_km,8.361963957,,,,,2015,,
1064,Ib3,DistToCoast_km,1.762828975,,,,,2015,,
1065,Ib4,DistToCoast_km,36.37187446,,,,,2015,,
1066,Ib5,DistToCoast_km,62.32972463,,,,,2015,,
1067,Ib6,DistToCoast_km,60.7219196,,,,,2015,,
1068,Ib7,DistToCoast_km,3.012268562,,,,,2015,,
1069,Ib8,DistToCoast_km,113.7730387,,,,,2015,,
1070,Ib9,DistToCoast_km,179.0396768,,,,,2015,,
1071,Ic1,DistToCoast_km,32.50802004,,,,,2015,,
1072,Ic10,DistToCoast_km,5.581044333,,,,,2015,,
1073,Ic11,DistToCoast_km,2.516883002,,,,,2015,,
1074,Ic12,DistToCoast_km,20.99530246,,,,,2015,,
1075,Ic13,DistToCoast_km,3.842108643,,,,,2015,,
1076,Ic2,DistToCoast_km,2.643012736,,,,,2015,,
1077,Ic3,DistToCoast_km,9.495580537,,,,,2015,,
1078,Ic4,DistToCoast_km,7.041098069,,,,,2015,,
1079,Ic5,DistToCoast_km,35.76371444,,,,,2015,,
1080,Ic6,DistToCoast_km,3.36364734,,,,,2015,,
1081,Ic7,DistToCoast_km,4.006631512,,,,,2015,,
1082,Ic8,DistToCoast_km,3.463009668,,,,,2015,,
1083,Ic9,DistToCoast_km,3.019869419,,,,,2015,,
1084,Id1,DistToCoast_km,873.1536546,,,,,2015,,
1085,Id10,DistToCoast_km,793.2423453,,,,,2015,,
1086,Id11,DistToCoast_km,21.17916374,,,,,2015,,
1087,Id12,DistToCoast_km,36.08045919,,,,,2015,,
1088,Id13,DistToCoast_km,15.77519584,,,,,2015,,
1089,Id2,DistToCoast_km,2.933016297,,,,,2015,,
1090,Id3,DistToCoast_km,1.713987464,,,,,2015,,
1091,Id4,DistToCoast_km,494.8506861,,,,,2015,,
1092,Id5,DistToCoast_km,41.93883927,,,,,2015,,
1093,Id6,DistToCoast_km,45.51233159,,,,,2015,,
1094,Id7,DistToCoast_km,27.67102395,,,,,2015,,
1095,Id8,DistToCoast_km,54.08054352,,,,,2015,,
1096,Id9,DistToCoast_km,515.326152,,,,,2015,,
1097,Ie1,DistToCoast_km,54.85546445,,,,,2015,,
1098,Ie10,DistToCoast_km,7.203667328,,,,,2015,,
1099,Ie11,DistToCoast_km,163.0333987,,,,,2015,,
1100,Ie12,DistToCoast_km,101.2691955,,,,,2015,,
1101,Ie13,DistToCoast_km,11.31234788,,,,,2015,,
1102,Ie14,DistToCoast_km,0.096488433,,,,,2015,,
1103,Ie15,DistToCoast_km,46.81170399,,,,,2015,,
1104,Ie16,DistToCoast_km,173.2606639,,,,,2015,,
1105,Ie17,DistToCoast_km,101.8372603,,,,,2015,,
1106,Ie18,DistToCoast_km,12.18939515,,,,,2015,,
1107,Ie19,DistToCoast_km,5.023780367,,,,,2015,,
1108,Ie2,DistToCoast_km,43.08426937,,,,,2015,,
1109,Ie20,DistToCoast_km,7.203667328,,,,,2015,,
1110,Ie21,DistToCoast_km,26.91086395,,,,,2015,,
1111,Ie22,DistToCoast_km,7.203667328,,,,,2015,,
1112,Ie23,DistToCoast_km,231.5839216,,,,,2015,,
1113,Ie24,DistToCoast_km,52.53724782,,,,,2015,,
1114,Ie25,DistToCoast_km,60.73147232,,,,,2015,,
1115,Ie26,DistToCoast_km,52.10003316,,,,,2015,,
1116,Ie27,DistToCoast_km,66.96808267,,,,,2015,,
1117,Ie28,DistToCoast_km,4.841797359,,,,,2015,,
1118,Ie29,DistToCoast_km,4.004664791,,,,,2015,,
1119,Ie3,DistToCoast_km,20.68442731,,,,,2015,,
1120,Ie30,DistToCoast_km,6.723346434,,,,,2015,,
1121,Ie31,DistToCoast_km,101.8372603,,,,,2015,,
1122,Ie32,DistToCoast_km,6.490751754,,,,,2015,,
1123,Ie33,DistToCoast_km,43.32792542,,,,,2015,,
1124,Ie34,DistToCoast_km,6.076360883,,,,,2015,,
1125,Ie35,DistToCoast_km,70.32741675,,,,,2015,,
1126,Ie36,DistToCoast_km,69.4185321,,,,,2015,,
1127,Ie37,DistToCoast_km,243.9837098,,,,,2015,,
1128,Ie38,DistToCoast_km,180.0667475,,,,,2015,,
1129,Ie39,DistToCoast_km,4.046830532,,,,,2015,,
1130,Ie4,DistToCoast_km,4.213175985,,,,,2015,,
1131,Ie5,DistToCoast_km,16.33188546,,,,,2015,,
1132,Ie6,DistToCoast_km,6.688521954,,,,,2015,,
1133,Ie7,DistToCoast_km,163.0333987,,,,,2015,,
1134,Ie8,DistToCoast_km,52.67171552,,,,,2015,,
1135,Ie9,DistToCoast_km,52.53724782,,,,,2015,,
1136,If1,DistToCoast_km,4.046354758,,,,,2015,,
1137,If10,DistToCoast_km,0.319495527,,,,,2015,,
1138,If11,DistToCoast_km,2.889787938,,,,,2015,,
1139,If12,DistToCoast_km,0.138274672,,,,,2015,,
1140,If13,DistToCoast_km,1.370705496,,,,,2015,,
1141,If14,DistToCoast_km,2.509667015,,,,,2015,,
1142,If15,DistToCoast_km,2.106113653,,,,,2015,,
1143,If16,DistToCoast_km,0.608425622,,,,,2015,,
1144,If17,DistToCoast_km,0.102112618,,,,,2015,,
1145,If2,DistToCoast_km,0.294760452,,,,,2015,,
1146,If3,DistToCoast_km,0.781754054,,,,,2015,,
1147,If4,DistToCoast_km,0.358138398,,,,,2015,,
1148,If5,DistToCoast_km,7.344933896,,,,,2015,,
1149,If6,DistToCoast_km,1.284768078,,,,,2015,,
1150,If7,DistToCoast_km,0.046405053,,,,,2015,,
1151,If8,DistToCoast_km,1.816013948,,,,,2015,,
1152,If9,DistToCoast_km,0.226026513,,,,,2015,,
1153,Ig1,DistToCoast_km,12.27667187,,,,,2015,,
1154,Ig10,DistToCoast_km,2.794667913,,,,,2015,,
1155,Ig11,DistToCoast_km,2.24870229,,,,,2015,,
1156,Ig12,DistToCoast_km,5.712799463,,,,,2015,,
1157,Ig13,DistToCoast_km,0.236520587,,,,,2015,,
1158,Ig14,DistToCoast_km,3.669465176,,,,,2015,,
1159,Ig15,DistToCoast_km,3.292865325,,,,,2015,,
1160,Ig16,DistToCoast_km,1.878345861,,,,,2015,,
1161,Ig17,DistToCoast_km,0.323648118,,,,,2015,,
1162,Ig18,DistToCoast_km,12.179677,,,,,2015,,
1163,Ig19,DistToCoast_km,1.816365933,,,,,2015,,
1164,Ig2,DistToCoast_km,2.442228685,,,,,2015,,
1165,Ig20,DistToCoast_km,11.76872195,,,,,2015,,
1166,Ig21,DistToCoast_km,1.060731513,,,,,2015,,
1167,Ig3,DistToCoast_km,6.229930998,,,,,2015,,
1168,Ig4,DistToCoast_km,1.628764051,,,,,2015,,
1169,Ig5,DistToCoast_km,1.816365933,,,,,2015,,
1170,Ig6,DistToCoast_km,5.266475675,,,,,2015,,
1171,Ig7,DistToCoast_km,3.162203248,,,,,2015,,
1172,Ig8,DistToCoast_km,5.305874304,,,,,2015,,
1173,Ig9,DistToCoast_km,2.794667913,,,,,2015,,
1174,Ih1,DistToCoast_km,0.535314011,,,,,2015,,
1175,Ih10,DistToCoast_km,0.743041751,,,,,2015,,
1176,Ih11,DistToCoast_km,2.487828704,,,,,2015,,
1177,Ih12,DistToCoast_km,5.130842829,,,,,2015,,
1178,Ih13,DistToCoast_km,4.945706158,,,,,2015,,
1179,Ih14,DistToCoast_km,25.41856346,,,,,2015,,
1180,Ih2,DistToCoast_km,3.182379046,,,,,2015,,
1181,Ih3,DistToCoast_km,3.18221041,,,,,2015,,
1182,Ih4,DistToCoast_km,1.394708148,,,,,2015,,
1183,Ih5,DistToCoast_km,19.18940907,,,,,2015,,
1184,Ih6,DistToCoast_km,1.821719022,,,,,2015,,
1185,Ih7,DistToCoast_km,4.89228555,,,,,2015,,
1186,Ih8,DistToCoast_km,25.41856346,,,,,2015,,
1187,Ih9,DistToCoast_km,5.669301497,,,,,2015,,
1188,Ii1,DistToCoast_km,10.12666251,,,,,2015,,
1189,Ii10,DistToCoast_km,5.008989934,,,,,2015,,
1190,Ii12,DistToCoast_km,2.507926116,,,,,2015,,
1191,Ii13,DistToCoast_km,0.141520576,,,,,2015,,
1192,Ii14,DistToCoast_km,8.647643817,,,,,2015,,
1193,Ii2,DistToCoast_km,1.018567657,,,,,2015,,
1194,Ii3,DistToCoast_km,1.383492846,,,,,2015,,
1195,Ii4,DistToCoast_km,0.486375385,,,,,2015,,
1196,Ii5,DistToCoast_km,0.87816361,,,,,2015,,
1197,Ii6,DistToCoast_km,1.518927719,,,,,2015,,
1198,Ii7,DistToCoast_km,0.374821165,,,,,2015,,
1199,Ii8,DistToCoast_km,0.881137849,,,,,2015,,
1200,Ii9,DistToCoast_km,6.543355407,,,,,2015,,
1201,Ij1,DistToCoast_km,0.974105555,,,,,2015,,
1202,Ij10,DistToCoast_km,2.508352801,,,,,2015,,
1203,Ij2,DistToCoast_km,68.98838664,,,,,2015,,
1204,Ij3,DistToCoast_km,2.569270433,,,,,2015,,
1205,Ij4,DistToCoast_km,0.542708365,,,,,2015,,
1206,Ij5,DistToCoast_km,0.454569832,,,,,2015,,
1207,Ij6,DistToCoast_km,7.015990352,,,,,2015,,
1208,Ij7,DistToCoast_km,0.161182049,,,,,2015,,
1209,Ij8,DistToCoast_km,4.618677155,,,,,2015,,
1210,Ij9,DistToCoast_km,3.74809604,,,,,2015,,
1211,Na1,DistToCoast_km,319.4789132,,,,,2015,,
1212,Na10,DistToCoast_km,1.986087993,,,,,2015,,
1213,Na11,DistToCoast_km,6.679902436,,,,,2015,,
1214,Na12,DistToCoast_km,264.2832512,,,,,2015,,
1215,Na13,DistToCoast_km,1.254349718,,,,,2015,,
1216,Na14,DistToCoast_km,15.54067279,,,,,2015,,
1217,Na15,DistToCoast_km,542.1993941,,,,,2015,,
1218,Na16,DistToCoast_km,356.021268,,,,,2015,,
1219,Na17,DistToCoast_km,793.7673996,,,,,2015,,
1220,Na19,DistToCoast_km,249.137647,,,,,2015,,
1221,Na2,DistToCoast_km,10.36852038,,,,,2015,,
1222,Na20,DistToCoast_km,294.4785667,,,,,2015,,
1223,Na21,DistToCoast_km,144.6071737,,,,,2015,,
1224,Na22,DistToCoast_km,1.241064655,,,,,2015,,
1225,Na23,DistToCoast_km,64.75819763,,,,,2015,,
1226,Na24,DistToCoast_km,2.55403107,,,,,2015,,
1227,Na25,DistToCoast_km,0.958313998,,,,,2015,,
1228,Na26,DistToCoast_km,156.037748,,,,,2015,,
1229,Na27,DistToCoast_km,125.8031795,,,,,2015,,
1230,Na28,DistToCoast_km,425.2359218,,,,,2015,,
1231,Na29,DistToCoast_km,817.5561664,,,,,2015,,
1232,Na3,DistToCoast_km,40.15405704,,,,,2015,,
1233,Na30,DistToCoast_km,566.3186304,,,,,2015,,
1234,Na31,DistToCoast_km,272.9842265,,,,,2015,,
1235,Na32,DistToCoast_km,128.9108688,,,,,2015,,
1236,Na33,DistToCoast_km,641.7686297,,,,,2015,,
1237,Na34,DistToCoast_km,552.2270576,,,,,2015,,
1238,Na35,DistToCoast_km,512.0226368,,,,,2015,,
1239,Na36,DistToCoast_km,906.0534097,,,,,2015,,
1240,Na37,DistToCoast_km,807.518334,,,,,2015,,
1241,Na38,DistToCoast_km,1020.891758,,,,,2015,,
1242,Na39,DistToCoast_km,668.5217542,,,,,2015,,
1243,Na4,DistToCoast_km,325.4996108,,,,,2015,,
1244,Na40,DistToCoast_km,594.1359774,,,,,2015,,
1245,Na41,DistToCoast_km,4.554369739,,,,,2015,,
1246,Na42,DistToCoast_km,872.156405,,,,,2015,,
1247,Na43,DistToCoast_km,4.645049587,,,,,2015,,
1248,Na44,DistToCoast_km,19.09411995,,,,,2015,,
1249,Na45,DistToCoast_km,406.826849,,,,,2015,,
1250,Na5,DistToCoast_km,65.82330028,,,,,2015,,
1251,Na6,DistToCoast_km,12.41925599,,,,,2015,,
1252,Na7,DistToCoast_km,45.3611855,,,,,2015,,
1253,Na8,DistToCoast_km,177.0163884,,,,,2015,,
1254,Na9,DistToCoast_km,9.700485423,,,,,2015,,
1255,Nb1,DistToCoast_km,2.994373474,,,,,2015,,
1256,Nb10,DistToCoast_km,77.19540075,,,,,2015,,
1257,Nb11,DistToCoast_km,0.648708572,,,,,2015,,
1258,Nb12,DistToCoast_km,13.1003716,,,,,2015,,
1259,Nb13,DistToCoast_km,36.18492098,,,,,2015,,
1260,Nb14,DistToCoast_km,3.926276516,,,,,2015,,
1261,Nb15,DistToCoast_km,1.528997515,,,,,2015,,
1262,Nb16,DistToCoast_km,2.763775404,,,,,2015,,
1263,Nb17,DistToCoast_km,43.21629361,,,,,2015,,
1264,Nb18,DistToCoast_km,3.287681573,,,,,2015,,
1265,Nb19,DistToCoast_km,11.81620621,,,,,2015,,
1266,Nb2,DistToCoast_km,2.763775404,,,,,2015,,
1267,Nb20,DistToCoast_km,26.64255926,,,,,2015,,
1268,Nb21,DistToCoast_km,36.30245516,,,,,2015,,
1269,Nb22,DistToCoast_km,7.347030196,,,,,2015,,
1270,Nb23,DistToCoast_km,3.395551748,,,,,2015,,
1271,Nb24,DistToCoast_km,2.811522047,,,,,2015,,
1272,Nb25,DistToCoast_km,12.38737239,,,,,2015,,
1273,Nb26,DistToCoast_km,2.396186083,,,,,2015,,
1274,Nb27,DistToCoast_km,45.34990998,,,,,2015,,
1275,Nb28,DistToCoast_km,10.17616306,,,,,2015,,
1276,Nb29,DistToCoast_km,10.17616306,,,,,2015,,
1277,Nb3,DistToCoast_km,1.655966852,,,,,2015,,
1278,Nb30,DistToCoast_km,99.87311855,,,,,2015,,
1279,Nb31,DistToCoast_km,17.11677004,,,,,2015,,
1280,Nb32,DistToCoast_km,177.7681294,,,,,2015,,
1281,Nb33,DistToCoast_km,93.67905957,,,,,2015,,
1282,Nb34,DistToCoast_km,99.87311855,,,,,2015,,
1283,Nb35,DistToCoast_km,93.67905957,,,,,2015,,
1284,Nb36,DistToCoast_km,24.94089042,,,,,2015,,
1285,Nb37,DistToCoast_km,75.27223917,,,,,2015,,
1286,Nb38,DistToCoast_km,60.65764856,,,,,2015,,
1287,Nb39,DistToCoast_km,17.51399781,,,,,2015,,
1288,Nb4,DistToCoast_km,9.69834282,,,,,2015,,
1289,Nb5,DistToCoast_km,2.352456615,,,,,2015,,
1290,Nb6,DistToCoast_km,17.11677004,,,,,2015,,
1291,Nb7,DistToCoast_km,3.598521894,,,,,2015,,
1292,Nb8,DistToCoast_km,11.75821385,,,,,2015,,
1293,Nb9,DistToCoast_km,28.35585462,,,,,2015,,
1294,Nc1,DistToCoast_km,100.3546836,,,,,2015,,
1295,Nc10,DistToCoast_km,260.875211,,,,,2015,,
1296,Nc11,DistToCoast_km,177.7681294,,,,,2015,,
1297,Nc12,DistToCoast_km,238.3705936,,,,,2015,,
1298,Nc13,DistToCoast_km,151.0592012,,,,,2015,,
1299,Nc14,DistToCoast_km,177.7681294,,,,,2015,,
1300,Nc15,DistToCoast_km,3.464012481,,,,,2015,,
1301,Nc16,DistToCoast_km,50.83910158,,,,,2015,,
1302,Nc17,DistToCoast_km,50.83910158,,,,,2015,,
1303,Nc18,DistToCoast_km,50.83910158,,,,,2015,,
1304,Nc19,DistToCoast_km,19.95957918,,,,,2015,,
1305,Nc2,DistToCoast_km,385.4578195,,,,,2015,,
1306,Nc20,DistToCoast_km,10.80519401,,,,,2015,,
1307,Nc21,DistToCoast_km,20.68443791,,,,,2015,,
1308,Nc22,DistToCoast_km,100.3546836,,,,,2015,,
1309,Nc23,DistToCoast_km,242.9191695,,,,,2015,,
1310,Nc24,DistToCoast_km,102.0087148,,,,,2015,,
1311,Nc25,DistToCoast_km,176.97723,,,,,2015,,
1312,Nc26,DistToCoast_km,38.50706725,,,,,2015,,
1313,Nc27,DistToCoast_km,117.8821653,,,,,2015,,
1314,Nc28,DistToCoast_km,3.753242974,,,,,2015,,
1315,Nc29,DistToCoast_km,30.18366784,,,,,2015,,
1316,Nc3,DistToCoast_km,102.0087148,,,,,2015,,
1317,Nc30,DistToCoast_km,86.44221326,,,,,2015,,
1318,Nc31,DistToCoast_km,110.9401903,,,,,2015,,
1319,Nc32,DistToCoast_km,25.59247126,,,,,2015,,
1320,Nc33,DistToCoast_km,25.59247126,,,,,2015,,
1321,Nc34,DistToCoast_km,15.54090401,,,,,2015,,
1322,Nc4,DistToCoast_km,260.875211,,,,,2015,,
1323,Nc5,DistToCoast_km,186.7719249,,,,,2015,,
1324,Nc6,DistToCoast_km,60.69382868,,,,,2015,,
1325,Nc7,DistToCoast_km,75.27223917,,,,,2015,,
1326,Nc8,DistToCoast_km,181.878131,,,,,2015,,
1327,Nc9,DistToCoast_km,179.7783738,,,,,2015,,
1328,Nd1,DistToCoast_km,231.6386924,,,,,2015,,
1329,Nd10,DistToCoast_km,90.50532293,,,,,2015,,
1330,Nd11,DistToCoast_km,268.3484564,,,,,2015,,
1331,Nd12,DistToCoast_km,722.203312,,,,,2015,,
1332,Nd13,DistToCoast_km,398.0313246,,,,,2015,,
1333,Nd14,DistToCoast_km,386.3185813,,,,,2015,,
1334,Nd15,DistToCoast_km,183.8765357,,,,,2015,,
1335,Nd16,DistToCoast_km,87.90734111,,,,,2015,,
1336,Nd17,DistToCoast_km,113.2990184,,,,,2015,,
1337,Nd18,DistToCoast_km,177.297913,,,,,2015,,
1338,Nd19,DistToCoast_km,295.330969,,,,,2015,,
1339,Nd2,DistToCoast_km,835.9261501,,,,,2015,,
1340,Nd20,DistToCoast_km,620.9083279,,,,,2015,,
1341,Nd21,DistToCoast_km,584.632596,,,,,2015,,
1342,Nd22,DistToCoast_km,422.7690115,,,,,2015,,
1343,Nd23,DistToCoast_km,507.5110654,,,,,2015,,
1344,Nd24,DistToCoast_km,342.5256157,,,,,2015,,
1345,Nd25,DistToCoast_km,490.0423481,,,,,2015,,
1346,Nd26,DistToCoast_km,343.9101884,,,,,2015,,
1347,Nd27,DistToCoast_km,354.7513559,,,,,2015,,
1348,Nd28,DistToCoast_km,426.7945369,,,,,2015,,
1349,Nd29,DistToCoast_km,312.4385971,,,,,2015,,
1350,Nd3,DistToCoast_km,514.8476333,,,,,2015,,
1351,Nd30,DistToCoast_km,312.4385971,,,,,2015,,
1352,Nd31,DistToCoast_km,223.3534053,,,,,2015,,
1353,Nd32,DistToCoast_km,259.1575012,,,,,2015,,
1354,Nd33,DistToCoast_km,401.3161852,,,,,2015,,
1355,Nd34,DistToCoast_km,357.2918354,,,,,2015,,
1356,Nd35,DistToCoast_km,469.9519143,,,,,2015,,
1357,Nd36,DistToCoast_km,469.9519143,,,,,2015,,
1358,Nd37,DistToCoast_km,552.8778037,,,,,2015,,
1359,Nd38,DistToCoast_km,635.4174455,,,,,2015,,
1360,Nd39,DistToCoast_km,663.9574751,,,,,2015,,
1361,Nd4,DistToCoast_km,237.1323548,,,,,2015,,
1362,Nd40,DistToCoast_km,824.7037207,,,,,2015,,
1363,Nd41,DistToCoast_km,628.9401656,,,,,2015,,
1364,Nd42,DistToCoast_km,628.9401656,,,,,2015,,
1365,Nd43,DistToCoast_km,557.2895733,,,,,2015,,
1366,Nd44,DistToCoast_km,755.8663347,,,,,2015,,
1367,Nd45,DistToCoast_km,943.3344703,,,,,2015,,
1368,Nd46,DistToCoast_km,883.290209,,,,,2015,,
1369,Nd47,DistToCoast_km,953.525158,,,,,2015,,
1370,Nd48,DistToCoast_km,746.3003004,,,,,2015,,
1371,Nd49,DistToCoast_km,694.8514957,,,,,2015,,
1372,Nd5,DistToCoast_km,977.7552975,,,,,2015,,
1373,Nd50,DistToCoast_km,718.6851609,,,,,2015,,
1374,Nd51,DistToCoast_km,373.3761652,,,,,2015,,
1375,Nd52,DistToCoast_km,259.1575012,,,,,2015,,
1376,Nd53,DistToCoast_km,489.7144636,,,,,2015,,
1377,Nd54,DistToCoast_km,296.0401514,,,,,2015,,
1378,Nd55,DistToCoast_km,373.3761652,,,,,2015,,
1379,Nd56,DistToCoast_km,553.6483648,,,,,2015,,
1380,Nd57,DistToCoast_km,740.0651315,,,,,2015,,
1381,Nd58,DistToCoast_km,879.9774753,,,,,2015,,
1382,Nd59,DistToCoast_km,797.8493322,,,,,2015,,
1383,Nd6,DistToCoast_km,222.6976591,,,,,2015,,
1384,Nd60,DistToCoast_km,985.5886358,,,,,2015,,
1385,Nd61,DistToCoast_km,1220.079943,,,,,2015,,
1386,Nd62,DistToCoast_km,1027.40094,,,,,2015,,
1387,Nd63,DistToCoast_km,943.3344703,,,,,2015,,
1388,Nd64,DistToCoast_km,1148.930015,,,,,2015,,
1389,Nd65,DistToCoast_km,436.9337017,,,,,2015,,
1390,Nd66,DistToCoast_km,413.2519715,,,,,2015,,
1391,Nd67,DistToCoast_km,249.9841073,,,,,2015,,
1392,Nd7,DistToCoast_km,422.110271,,,,,2015,,
1393,Nd8,DistToCoast_km,229.1227255,,,,,2015,,
1394,Nd9,DistToCoast_km,1.96860079,,,,,2015,,
1395,Ne1,DistToCoast_km,979.9094754,,,,,2015,,
1396,Ne10,DistToCoast_km,1338.748588,,,,,2015,,
1397,Ne11,DistToCoast_km,1205.002456,,,,,2015,,
1398,Ne12,DistToCoast_km,793.6503755,,,,,2015,,
1399,Ne13,DistToCoast_km,593.3134397,,,,,2015,,
1400,Ne14,DistToCoast_km,808.9608302,,,,,2015,,
1401,Ne15,DistToCoast_km,1236.349995,,,,,2015,,
1402,Ne16,DistToCoast_km,30.68938005,,,,,2015,,
1403,Ne17,DistToCoast_km,791.4557033,,,,,2015,,
1404,Ne18,DistToCoast_km,541.5012595,,,,,2015,,
1405,Ne19,DistToCoast_km,1212.194292,,,,,2015,,
1406,Ne2,DistToCoast_km,791.4557033,,,,,2015,,
1407,Ne20,DistToCoast_km,1212.194292,,,,,2015,,
1408,Ne21,DistToCoast_km,190.9937109,,,,,2015,,
1409,Ne3,DistToCoast_km,571.5606507,,,,,2015,,
1410,Ne4,DistToCoast_km,1128.132769,,,,,2015,,
1411,Ne5,DistToCoast_km,1197.564421,,,,,2015,,
1412,Ne6,DistToCoast_km,1236.349995,,,,,2015,,
1413,Ne7,DistToCoast_km,1024.079079,,,,,2015,,
1414,Ne8,DistToCoast_km,1583.395753,,,,,2015,,
1415,Ne9,DistToCoast_km,1336.408059,,,,,2015,,
1416,Nf10,DistToCoast_km,1225.520989,,,,,2015,,
1417,Nf11,DistToCoast_km,1115.034268,,,,,2015,,
1418,Nf12,DistToCoast_km,1514.444181,,,,,2015,,
1419,Nf13,DistToCoast_km,628.748235,,,,,2015,,
1420,Nf14,DistToCoast_km,341.2312301,,,,,2015,,
1421,Nf15,DistToCoast_km,1160.296695,,,,,2015,,
1422,Nf2,DistToCoast_km,978.859877,,,,,2015,,
1423,Nf3,DistToCoast_km,1236.692036,,,,,2015,,
1424,Nf4,DistToCoast_km,766.4036591,,,,,2015,,
1425,Nf5,DistToCoast_km,553.911031,,,,,2015,,
1426,Nf6,DistToCoast_km,1435.056028,,,,,2015,,
1427,Nf7,DistToCoast_km,1270.962735,,,,,2015,,
1428,Nf8,DistToCoast_km,136.6939068,,,,,2015,,
1429,Nf9,DistToCoast_km,798.3913761,,,,,2015,,
1430,Ng1,DistToCoast_km,484.4688757,,,,,2015,,
1431,Ng10,DistToCoast_km,348.1533421,,,,,2015,,
1432,Ng11,DistToCoast_km,496.6413708,,,,,2015,,
1433,Ng12,DistToCoast_km,246.7127321,,,,,2015,,
1434,Ng13,DistToCoast_km,116.8179038,,,,,2015,,
1435,Ng14,DistToCoast_km,475.8694807,,,,,2015,,
1436,Ng15,DistToCoast_km,4.639768082,,,,,2015,,
1437,Ng2,DistToCoast_km,72.23776833,,,,,2015,,
1438,Ng3,DistToCoast_km,286.9736526,,,,,2015,,
1439,Ng4,DistToCoast_km,46.68605689,,,,,2015,,
1440,Ng5,DistToCoast_km,437.0433498,,,,,2015,,
1441,Ng6,DistToCoast_km,78.59469855,,,,,2015,,
1442,Ng7,DistToCoast_km,194.5007899,,,,,2015,,
1443,Ng8,DistToCoast_km,2.540718063,,,,,2015,,
1444,Ng9,DistToCoast_km,177.0592656,,,,,2015,,
1445,Nh1,DistToCoast_km,423.4516243,,,,,2015,,
1446,Nh10,DistToCoast_km,708.3538467,,,,,2015,,
1447,Nh11,DistToCoast_km,846.8795724,,,,,2015,,
1448,Nh12,DistToCoast_km,708.3538467,,,,,2015,,
1449,Nh13,DistToCoast_km,635.7502831,,,,,2015,,
1450,Nh14,DistToCoast_km,708.3538467,,,,,2015,,
1451,Nh15,DistToCoast_km,769.278413,,,,,2015,,
1452,Nh16,DistToCoast_km,997.8958162,,,,,2015,,
1453,Nh17,DistToCoast_km,425.5546659,,,,,2015,,
1454,Nh18,DistToCoast_km,553.6483648,,,,,2015,,
1455,Nh19,DistToCoast_km,13.87173133,,,,,2015,,
1456,Nh2,DistToCoast_km,553.6483648,,,,,2015,,
1457,Nh20,DistToCoast_km,123.8870012,,,,,2015,,
1458,Nh21,DistToCoast_km,356.2707806,,,,,2015,,
1459,Nh22,DistToCoast_km,146.2395893,,,,,2015,,
1460,Nh23,DistToCoast_km,367.5006181,,,,,2015,,
1461,Nh24,DistToCoast_km,337.3278839,,,,,2015,,
1462,Nh25,DistToCoast_km,776.9201302,,,,,2015,,
1463,Nh26,DistToCoast_km,846.8795724,,,,,2015,,
1464,Nh27,DistToCoast_km,920.852494,,,,,2015,,
1465,Nh3,DistToCoast_km,694.8514957,,,,,2015,,
1466,Nh4,DistToCoast_km,569.1771358,,,,,2015,,
1467,Nh5,DistToCoast_km,173.5569737,,,,,2015,,
1468,Nh6,DistToCoast_km,917.7284275,,,,,2015,,
1469,Nh7,DistToCoast_km,846.8795724,,,,,2015,,
1470,Nh8,DistToCoast_km,776.9201302,,,,,2015,,
1471,Nh9,DistToCoast_km,846.8795724,,,,,2015,,
1472,Ni1,DistToCoast_km,278.5822561,,,,,2015,,
1473,Ni2,DistToCoast_km,102.3504177,,,,,2015,,
1474,Ni3,DistToCoast_km,183.8850859,,,,,2015,,
1475,Ni4,DistToCoast_km,11.07971388,,,,,2015,,
1476,Ni5,DistToCoast_km,227.1554147,,,,,2015,,
1477,Ni6,DistToCoast_km,190.3493527,,,,,2015,,
1478,Ni7,DistToCoast_km,51.44358364,,,,,2015,,
1479,Ni8,DistToCoast_km,223.8095289,,,,,2015,,
1480,Ni9,DistToCoast_km,222.7004044,,,,,2015,,
1481,Nj1,DistToCoast_km,80.62700844,,,,,2015,,
1482,Nj10,DistToCoast_km,123.2529367,,,,,2015,,
1483,Nj11,DistToCoast_km,126.2782844,,,,,2015,,
1484,Nj12,DistToCoast_km,179.8570975,,,,,2015,,
1485,Nj13,DistToCoast_km,204.2900182,,,,,2015,,
1486,Nj14,DistToCoast_km,19.98460589,,,,,2015,,
1487,Nj2,DistToCoast_km,254.3780007,,,,,2015,,
1488,Nj3,DistToCoast_km,47.33230338,,,,,2015,,
1489,Nj4,DistToCoast_km,34.47714165,,,,,2015,,
1490,Nj5,DistToCoast_km,144.4737274,,,,,2015,,
1491,Nj6,DistToCoast_km,3.012704267,,,,,2015,,
1492,Nj7,DistToCoast_km,87.51899241,,,,,2015,,
1493,Nj8,DistToCoast_km,150.4403371,,,,,2015,,
1494,Nj9,DistToCoast_km,181.5498962,,,,,2015,,
1495,Sa1,DistToCoast_km,14.62206378,,,,,2015,,
1496,Sa10,DistToCoast_km,164.2118013,,,,,2015,,
1497,Sa11,DistToCoast_km,9.490383715,,,,,2015,,
1498,Sa12,DistToCoast_km,63.83539895,,,,,2015,,
1499,Sa13,DistToCoast_km,119.7195075,,,,,2015,,
1500,Sa14,DistToCoast_km,11.27062634,,,,,2015,,
1501,Sa15,DistToCoast_km,31.50798246,,,,,2015,,
1502,Sa16,DistToCoast_km,84.25930253,,,,,2015,,
1503,Sa17,DistToCoast_km,119.7195075,,,,,2015,,
1504,Sa2,DistToCoast_km,164.2118013,,,,,2015,,
1505,Sa3,DistToCoast_km,65.17976944,,,,,2015,,
1506,Sa4,DistToCoast_km,25.69001236,,,,,2015,,
1507,Sa5,DistToCoast_km,43.96938229,,,,,2015,,
1508,Sa6,DistToCoast_km,152.7875921,,,,,2015,,
1509,Sa7,DistToCoast_km,7.180392789,,,,,2015,,
1510,Sa8,DistToCoast_km,54.34887659,,,,,2015,,
1511,Sa9,DistToCoast_km,142.6073798,,,,,2015,,
1512,Sb1,DistToCoast_km,1.001924378,,,,,2015,,
1513,Sb2,DistToCoast_km,24.67582488,,,,,2015,,
1514,Sb3,DistToCoast_km,27.77230975,,,,,2015,,
1515,Sb4,DistToCoast_km,147.536157,,,,,2015,,
1516,Sb5,DistToCoast_km,24.81439502,,,,,2015,,
1517,Sb6,DistToCoast_km,17.11123327,,,,,2015,,
1518,Sb7,DistToCoast_km,27.77230975,,,,,2015,,
1519,Sb8,DistToCoast_km,5.917001553,,,,,2015,,
1520,Sb9,DistToCoast_km,20.11726938,,,,,2015,,
1521,Sc1,DistToCoast_km,85.55493698,,,,,2015,,
1522,Sc10,DistToCoast_km,0.135133442,,,,,2015,,
1523,Sc11,DistToCoast_km,370.236002,,,,,2015,,
1524,Sc12,DistToCoast_km,260.8309698,,,,,2015,,
1525,Sc13,DistToCoast_km,460.8705355,,,,,2015,,
1526,Sc14,DistToCoast_km,300.6236987,,,,,2015,,
1527,Sc15,DistToCoast_km,451.6860813,,,,,2015,,
1528,Sc16,DistToCoast_km,768.5438708,,,,,2015,,
1529,Sc17,DistToCoast_km,491.8791379,,,,,2015,,
1530,Sc18,DistToCoast_km,69.47657995,,,,,2015,,
1531,Sc2,DistToCoast_km,381.3830722,,,,,2015,,
1532,Sc3,DistToCoast_km,153.1690129,,,,,2015,,
1533,Sc4,DistToCoast_km,520.9224541,,,,,2015,,
1534,Sc5,DistToCoast_km,399.3535671,,,,,2015,,
1535,Sc6,DistToCoast_km,185.3054024,,,,,2015,,
1536,Sc7,DistToCoast_km,569.3599295,,,,,2015,,
1537,Sc8,DistToCoast_km,592.0656087,,,,,2015,,
1538,Sc9,DistToCoast_km,592.0656087,,,,,2015,,
1539,Sd1,DistToCoast_km,762.3360148,,,,,2015,,
1540,Sd2,DistToCoast_km,955.1001102,,,,,2015,,
1541,Sd3,DistToCoast_km,100.9410848,,,,,2015,,
1542,Sd4,DistToCoast_km,851.6599212,,,,,2015,,
1543,Sd5,DistToCoast_km,545.4124903,,,,,2015,,
1544,Sd6,DistToCoast_km,545.5771552,,,,,2015,,
1545,Sd7,DistToCoast_km,573.2075305,,,,,2015,,
1546,Sd8,DistToCoast_km,678.494977,,,,,2015,,
1547,Sd9,DistToCoast_km,851.6599212,,,,,2015,,
1548,Se1,DistToCoast_km,723.0280106,,,,,2015,,
1549,Se10,DistToCoast_km,4.405772615,,,,,2015,,
1550,Se11,DistToCoast_km,758.367242,,,,,2015,,
1551,Se12,DistToCoast_km,889.5025921,,,,,2015,,
1552,Se2,DistToCoast_km,1066.004991,,,,,2015,,
1553,Se3,DistToCoast_km,195.6563432,,,,,2015,,
1554,Se4,DistToCoast_km,858.9276653,,,,,2015,,
1555,Se5,DistToCoast_km,741.711634,,,,,2015,,
1556,Se6,DistToCoast_km,583.0042738,,,,,2015,,
1557,Se7,DistToCoast_km,774.1679701,,,,,2015,,
1558,Se8,DistToCoast_km,585.0937379,,,,,2015,,
1559,Se9,DistToCoast_km,455.2343824,,,,,2015,,
1560,Sf1,DistToCoast_km,394.6150241,,,,,2015,,
1561,Sf2,DistToCoast_km,295.7484511,,,,,2015,,
1562,Sf3,DistToCoast_km,4.405772615,,,,,2015,,
1563,Sf4,DistToCoast_km,229.198933,,,,,2015,,
1564,Sf5,DistToCoast_km,144.1785629,,,,,2015,,
1565,Sf6,DistToCoast_km,448.7837564,,,,,2015,,
1566,Sf7,DistToCoast_km,404.4026507,,,,,2015,,
1567,Sf8,DistToCoast_km,380.5237984,,,,,2015,,
1568,Sf9,DistToCoast_km,295.7484511,,,,,2015,,
1569,Sg1,DistToCoast_km,2.530203717,,,,,2015,,
1570,Sg2,DistToCoast_km,319.2657058,,,,,2015,,
1571,Sg3,DistToCoast_km,40.62846394,,,,,2015,,
1572,Sg4,DistToCoast_km,183.4299612,,,,,2015,,
1573,Sg5,DistToCoast_km,0.730387798,,,,,2015,,
1574,Sh1,DistToCoast_km,754.5597742,,,,,2015,,
1575,Sh2,DistToCoast_km,1064.030294,,,,,2015,,
1576,Sh3,DistToCoast_km,513.0524628,,,,,2015,,
1577,Sh4,DistToCoast_km,921.2208087,,,,,2015,,
1578,Sh5,DistToCoast_km,835.8188525,,,,,2015,,
1579,Sh6,DistToCoast_km,1161.882816,,,,,2015,,
1580,Sh7,DistToCoast_km,745.1077127,,,,,2015,,
1581,Sh8,DistToCoast_km,907.2393241,,,,,2015,,
1582,Sh9,DistToCoast_km,1074.631882,,,,,2015,,
1583,Si1,DistToCoast_km,1225.038425,,,,,2015,,
1584,Si10,DistToCoast_km,1236.460612,,,,,2015,,
1585,Si2,DistToCoast_km,1093.779654,,,,,2015,,
1586,Si3,DistToCoast_km,1381.81004,,,,,2015,,
1587,Si4,DistToCoast_km,1343.02433,,,,,2015,,
1588,Si5,DistToCoast_km,1135.412084,,,,,2015,,
1589,Si6,DistToCoast_km,1186.623694,,,,,2015,,
1590,Si7,DistToCoast_km,1366.094803,,,,,2015,,
1591,Si8,DistToCoast_km,1435.617764,,,,,2015,,
1592,Si9,DistToCoast_km,1135.412084,,,,,2015,,
1593,Sj1,DistToCoast_km,1031.449324,,,,,2015,,
1594,Sj10,DistToCoast_km,516.8164278,,,,,2015,,
1595,Sj11,DistToCoast_km,1244.882023,,,,,2015,,
1596,Sj2,DistToCoast_km,716.3820607,,,,,2015,,
1597,Sj3,DistToCoast_km,115.8439174,,,,,2015,,
1598,Sj4,DistToCoast_km,403.2551236,,,,,2015,,
1599,Sj5,DistToCoast_km,245.8650882,,,,,2015,,
1600,Sj6,DistToCoast_km,128.0033659,,,,,2015,,
1601,Sj7,DistToCoast_km,374.3207027,,,,,2015,,
1602,Sj8,DistToCoast_km,12.40778511,,,,,2015,,
1603,Sj9,DistToCoast_km,641.9124143,,,,,2015,,
1604,ch12,DistToCoast_km,1396.209713,,,,,2015,,
1605,ch13,DistToCoast_km,950.1871294,,,,,2015,,
1606,ch14,DistToCoast_km,1075.918812,,,,,2015,,
1607,ch15,DistToCoast_km,996.5636946,,,,,2015,,
1608,ch16,DistToCoast_km,63.28996384,,,,,2015,,
1609,ch17,DistToCoast_km,22.83921969,,,,,2015,,
1610,ch18,DistToCoast_km,74.35333229,,,,,2015,,
1611,ch19,DistToCoast_km,103.6112198,,,,,2015,,
1612,ch20,DistToCoast_km,1140.21678,,,,,2015,,
1613,ch21,DistToCoast_km,1.481832806,,,,,2015,,
1614,ch22,DistToCoast_km,111.8797342,,,,,2015,,
1615,ch23,DistToCoast_km,174.6180458,,,,,2015,,
1616,ch24,DistToCoast_km,18.61770136,,,,,2015,,
1617,ch25,DistToCoast_km,111.0475531,,,,,2015,,
1618,ch26,DistToCoast_km,1075.918812,,,,,2015,,
1619,ch27,DistToCoast_km,280.742121,,,,,2015,,
1620,ch28,DistToCoast_km,74.35333229,,,,,2015,,
1621,ec12,DistToCoast_km,223.7887156,,,,,2015,,
1622,ec13,DistToCoast_km,10.95993395,,,,,2015,,
1623,ec14,DistToCoast_km,131.0700136,,,,,2015,,
1624,ec15,DistToCoast_km,524.3221285,,,,,2015,,
1625,ec16,DistToCoast_km,1478.988395,,,,,2015,,
1626,ec17,DistToCoast_km,270.4907423,,,,,2015,,
1627,ec18,DistToCoast_km,316.1446825,,,,,2015,,
1628,ec19,DistToCoast_km,5.163923604,,,,,2015,,
1629,ec20,DistToCoast_km,174.466962,,,,,2015,,
1630,ec21,DistToCoast_km,177.5178601,,,,,2015,,
1631,WNAI1,DistToCoast_km,6.241371098,,,,,2015,,
1632,WNAI10,DistToCoast_km,2.643345471,,,,,2015,,
1633,WNAI100,DistToCoast_km,259.5134235,,,,,2015,,
1634,WNAI101,DistToCoast_km,212.0574305,,,,,2015,,
1635,WNAI102,DistToCoast_km,142.3295468,,,,,2015,,
1636,WNAI103,DistToCoast_km,388.9105464,,,,,2015,,
1637,WNAI104,DistToCoast_km,445.6356031,,,,,2015,,
1638,WNAI105,DistToCoast_km,615.4679384,,,,,2015,,
1639,WNAI106,DistToCoast_km,440.7901713,,,,,2015,,
1640,WNAI107,DistToCoast_km,431.1241982,,,,,2015,,
1641,WNAI108,DistToCoast_km,295.330969,,,,,2015,,
1642,WNAI109,DistToCoast_km,156.5699762,,,,,2015,,
1643,WNAI11,DistToCoast_km,0.603300535,,,,,2015,,
1644,WNAI110,DistToCoast_km,190.5696502,,,,,2015,,
1645,WNAI111,DistToCoast_km,175.1451776,,,,,2015,,
1646,WNAI112,DistToCoast_km,190.7077171,,,,,2015,,
1647,WNAI113,DistToCoast_km,203.8311764,,,,,2015,,
1648,WNAI114,DistToCoast_km,419.6905516,,,,,2015,,
1649,WNAI115,DistToCoast_km,342.5256157,,,,,2015,,
1650,WNAI116,DistToCoast_km,321.2679375,,,,,2015,,
1651,WNAI117,DistToCoast_km,271.797056,,,,,2015,,
1652,WNAI118,DistToCoast_km,259.1575012,,,,,2015,,
1653,WNAI119,DistToCoast_km,222.6976591,,,,,2015,,
1654,WNAI12,DistToCoast_km,0.648708572,,,,,2015,,
1655,WNAI120,DistToCoast_km,452.6194212,,,,,2015,,
1656,WNAI121,DistToCoast_km,686.5257917,,,,,2015,,
1657,WNAI122,DistToCoast_km,679.1608379,,,,,2015,,
1658,WNAI123,DistToCoast_km,545.1363062,,,,,2015,,
1659,WNAI124,DistToCoast_km,746.3003004,,,,,2015,,
1660,WNAI125,DistToCoast_km,877.1238273,,,,,2015,,
1661,WNAI126,DistToCoast_km,704.6912164,,,,,2015,,
1662,WNAI127,DistToCoast_km,965.1246841,,,,,2015,,
1663,WNAI128,DistToCoast_km,1148.930015,,,,,2015,,
1664,WNAI129,DistToCoast_km,937.8472185,,,,,2015,,
1665,WNAI13,DistToCoast_km,2.811522047,,,,,2015,,
1666,WNAI130,DistToCoast_km,886.4413416,,,,,2015,,
1667,WNAI131,DistToCoast_km,835.9261501,,,,,2015,,
1668,WNAI132,DistToCoast_km,499.4890573,,,,,2015,,
1669,WNAI133,DistToCoast_km,566.8836114,,,,,2015,,
1670,WNAI134,DistToCoast_km,694.8514957,,,,,2015,,
1671,WNAI135,DistToCoast_km,175.9712895,,,,,2015,,
1672,WNAI136,DistToCoast_km,515.1150746,,,,,2015,,
1673,WNAI137,DistToCoast_km,388.606394,,,,,2015,,
1674,WNAI138,DistToCoast_km,365.329124,,,,,2015,,
1675,WNAI139,DistToCoast_km,314.1984937,,,,,2015,,
1676,WNAI14,DistToCoast_km,5.722519685,,,,,2015,,
1677,WNAI140,DistToCoast_km,292.8905628,,,,,2015,,
1678,WNAI141,DistToCoast_km,98.51716106,,,,,2015,,
1679,WNAI142,DistToCoast_km,68.57021611,,,,,2015,,
1680,WNAI143,DistToCoast_km,13.87173133,,,,,2015,,
1681,WNAI144,DistToCoast_km,225.9054762,,,,,2015,,
1682,WNAI145,DistToCoast_km,242.7510281,,,,,2015,,
1683,WNAI146,DistToCoast_km,137.1429146,,,,,2015,,
1684,WNAI147,DistToCoast_km,421.4617229,,,,,2015,,
1685,WNAI148,DistToCoast_km,357.1956246,,,,,2015,,
1686,WNAI149,DistToCoast_km,334.4971495,,,,,2015,,
1687,WNAI15,DistToCoast_km,11.15595381,,,,,2015,,
1688,WNAI150,DistToCoast_km,443.26048,,,,,2015,,
1689,WNAI151,DistToCoast_km,409.9163759,,,,,2015,,
1690,WNAI152,DistToCoast_km,520.3474467,,,,,2015,,
1691,WNAI153,DistToCoast_km,300.2339452,,,,,2015,,
1692,WNAI154,DistToCoast_km,737.4923448,,,,,2015,,
1693,WNAI155,DistToCoast_km,645.1416797,,,,,2015,,
1694,WNAI156,DistToCoast_km,951.1502758,,,,,2015,,
1695,WNAI157,DistToCoast_km,514.8476333,,,,,2015,,
1696,WNAI158,DistToCoast_km,628.4346533,,,,,2015,,
1697,WNAI159,DistToCoast_km,577.0275853,,,,,2015,,
1698,WNAI16,DistToCoast_km,5.068339453,,,,,2015,,
1699,WNAI160,DistToCoast_km,591.5984715,,,,,2015,,
1700,WNAI161,DistToCoast_km,671.4152313,,,,,2015,,
1701,WNAI162,DistToCoast_km,764.7572014,,,,,2015,,
1702,WNAI163,DistToCoast_km,766.0972561,,,,,2015,,
1703,WNAI164,DistToCoast_km,795.0161141,,,,,2015,,
1704,WNAI165,DistToCoast_km,821.0185357,,,,,2015,,
1705,WNAI166,DistToCoast_km,846.4539521,,,,,2015,,
1706,WNAI167,DistToCoast_km,825.7908967,,,,,2015,,
1707,WNAI168,DistToCoast_km,825.4224479,,,,,2015,,
1708,WNAI169,DistToCoast_km,847.5686318,,,,,2015,,
1709,WNAI17,DistToCoast_km,6.605072056,,,,,2015,,
1710,WNAI170,DistToCoast_km,916.240595,,,,,2015,,
1711,WNAI171,DistToCoast_km,719.056732,,,,,2015,,
1712,WNAI172,DistToCoast_km,776.3179543,,,,,2015,,
1713,WNAI18,DistToCoast_km,0.961381741,,,,,2015,,
1714,WNAI19,DistToCoast_km,101.5364509,,,,,2015,,
1715,WNAI2,DistToCoast_km,4.993850306,,,,,2015,,
1716,WNAI20,DistToCoast_km,2.531321968,,,,,2015,,
1717,WNAI21,DistToCoast_km,6.605072056,,,,,2015,,
1718,WNAI22,DistToCoast_km,20.56758287,,,,,2015,,
1719,WNAI23,DistToCoast_km,4.421248419,,,,,2015,,
1720,WNAI24,DistToCoast_km,15.13200399,,,,,2015,,
1721,WNAI25,DistToCoast_km,10.62349324,,,,,2015,,
1722,WNAI26,DistToCoast_km,17.07571962,,,,,2015,,
1723,WNAI27,DistToCoast_km,2.739371116,,,,,2015,,
1724,WNAI28,DistToCoast_km,8.815601953,,,,,2015,,
1725,WNAI29,DistToCoast_km,4.910437564,,,,,2015,,
1726,WNAI3,DistToCoast_km,2.994373474,,,,,2015,,
1727,WNAI30,DistToCoast_km,10.17616306,,,,,2015,,
1728,WNAI31,DistToCoast_km,8.06557327,,,,,2015,,
1729,WNAI32,DistToCoast_km,9.310719211,,,,,2015,,
1730,WNAI33,DistToCoast_km,8.514829845,,,,,2015,,
1731,WNAI34,DistToCoast_km,73.61794402,,,,,2015,,
1732,WNAI35,DistToCoast_km,24.02544762,,,,,2015,,
1733,WNAI36,DistToCoast_km,6.139544712,,,,,2015,,
1734,WNAI37,DistToCoast_km,47.23739158,,,,,2015,,
1735,WNAI38,DistToCoast_km,51.6389262,,,,,2015,,
1736,WNAI39,DistToCoast_km,15.20877188,,,,,2015,,
1737,WNAI4,DistToCoast_km,6.117118742,,,,,2015,,
1738,WNAI40,DistToCoast_km,28.03174807,,,,,2015,,
1739,WNAI41,DistToCoast_km,22.80495329,,,,,2015,,
1740,WNAI42,DistToCoast_km,54.52356133,,,,,2015,,
1741,WNAI43,DistToCoast_km,42.17407296,,,,,2015,,
1742,WNAI44,DistToCoast_km,147.4776185,,,,,2015,,
1743,WNAI45,DistToCoast_km,109.891413,,,,,2015,,
1744,WNAI46,DistToCoast_km,83.03206422,,,,,2015,,
1745,WNAI47,DistToCoast_km,86.00689348,,,,,2015,,
1746,WNAI48,DistToCoast_km,146.3183002,,,,,2015,,
1747,WNAI49,DistToCoast_km,141.2124627,,,,,2015,,
1748,WNAI5,DistToCoast_km,2.481578044,,,,,2015,,
1749,WNAI50,DistToCoast_km,109.2092581,,,,,2015,,
1750,WNAI51,DistToCoast_km,297.9274948,,,,,2015,,
1751,WNAI52,DistToCoast_km,224.3935762,,,,,2015,,
1752,WNAI53,DistToCoast_km,229.7986874,,,,,2015,,
1753,WNAI54,DistToCoast_km,161.144727,,,,,2015,,
1754,WNAI55,DistToCoast_km,206.3680806,,,,,2015,,
1755,WNAI56,DistToCoast_km,245.6710329,,,,,2015,,
1756,WNAI57,DistToCoast_km,177.8130159,,,,,2015,,
1757,WNAI58,DistToCoast_km,180.4889258,,,,,2015,,
1758,WNAI59,DistToCoast_km,137.0319415,,,,,2015,,
1759,WNAI6,DistToCoast_km,156.24119,,,,,2015,,
1760,WNAI60,DistToCoast_km,18.36254385,,,,,2015,,
1761,WNAI61,DistToCoast_km,52.63258523,,,,,2015,,
1762,WNAI62,DistToCoast_km,174.4411874,,,,,2015,,
1763,WNAI63,DistToCoast_km,40.47703356,,,,,2015,,
1764,WNAI64,DistToCoast_km,50.83910158,,,,,2015,,
1765,WNAI65,DistToCoast_km,12.63865333,,,,,2015,,
1766,WNAI66,DistToCoast_km,28.85681445,,,,,2015,,
1767,WNAI67,DistToCoast_km,70.26404875,,,,,2015,,
1768,WNAI68,DistToCoast_km,120.2859122,,,,,2015,,
1769,WNAI69,DistToCoast_km,186.7719249,,,,,2015,,
1770,WNAI7,DistToCoast_km,7.979707018,,,,,2015,,
1771,WNAI70,DistToCoast_km,217.3758723,,,,,2015,,
1772,WNAI71,DistToCoast_km,259.4971899,,,,,2015,,
1773,WNAI72,DistToCoast_km,220.6122067,,,,,2015,,
1774,WNAI73,DistToCoast_km,182.4234588,,,,,2015,,
1775,WNAI74,DistToCoast_km,202.2235962,,,,,2015,,
1776,WNAI75,DistToCoast_km,193.7337791,,,,,2015,,
1777,WNAI76,DistToCoast_km,116.8810938,,,,,2015,,
1778,WNAI77,DistToCoast_km,119.323444,,,,,2015,,
1779,WNAI78,DistToCoast_km,213.9629201,,,,,2015,,
1780,WNAI79,DistToCoast_km,152.7831151,,,,,2015,,
1781,WNAI8,DistToCoast_km,0.952935498,,,,,2015,,
1782,WNAI80,DistToCoast_km,57.988979,,,,,2015,,
1783,WNAI81,DistToCoast_km,98.17188787,,,,,2015,,
1784,WNAI82,DistToCoast_km,13.39070619,,,,,2015,,
1785,WNAI83,DistToCoast_km,58.28080945,,,,,2015,,
1786,WNAI84,DistToCoast_km,103.0856987,,,,,2015,,
1787,WNAI85,DistToCoast_km,113.3181109,,,,,2015,,
1788,WNAI86,DistToCoast_km,90.8981323,,,,,2015,,
1789,WNAI87,DistToCoast_km,79.67659664,,,,,2015,,
1790,WNAI88,DistToCoast_km,25.59247126,,,,,2015,,
1791,WNAI89,DistToCoast_km,3.306015224,,,,,2015,,
1792,WNAI9,DistToCoast_km,3.395551748,,,,,2015,,
1793,WNAI90,DistToCoast_km,101.3830621,,,,,2015,,
1794,WNAI91,DistToCoast_km,13.4931909,,,,,2015,,
1795,WNAI92,DistToCoast_km,60.64063786,,,,,2015,,
1796,WNAI93,DistToCoast_km,155.1063639,,,,,2015,,
1797,WNAI94,DistToCoast_km,272.6481352,,,,,2015,,
1798,WNAI95,DistToCoast_km,86.48364849,,,,,2015,,
1799,WNAI96,DistToCoast_km,287.2676871,,,,,2015,,
1800,WNAI97,DistToCoast_km,82.90658919,,,,,2015,,
1801,WNAI98,DistToCoast_km,137.3454431,,,,,2015,,
1802,WNAI99,DistToCoast_km,216.6870072,,,,,2015,,
1803,SCCS1,DistToCoast_km,127.1844915,,,,,2015,,
1804,SCCS10,DistToCoast_km,138.812293,,,,,2015,,
1805,SCCS100,DistToCoast_km,1.018567657,,,,,2015,,
1806,SCCS101,DistToCoast_km,3.18221041,,,,,2015,,
1807,SCCS102,DistToCoast_km,3.455250235,,,,,2015,,
1808,SCCS103,DistToCoast_km,4.440167386,,,,,2015,,
1809,SCCS104,DistToCoast_km,0.047735958,,,,,2015,,
1810,SCCS105,DistToCoast_km,2.626774962,,,,,2015,,
1811,SCCS106,DistToCoast_km,8.647643817,,,,,2015,,
1812,SCCS107,DistToCoast_km,2.509667015,,,,,2015,,
1813,SCCS108,DistToCoast_km,0.102112618,,,,,2015,,
1814,SCCS109,DistToCoast_km,0.294760452,,,,,2015,,
1815,SCCS11,DistToCoast_km,405.9694064,,,,,2015,,
1816,SCCS110,DistToCoast_km,0.713533662,,,,,2015,,
1817,SCCS111,DistToCoast_km,0.575357057,,,,,2015,,
1818,SCCS112,DistToCoast_km,78.94723735,,,,,2015,,
1819,SCCS113,DistToCoast_km,17.16663886,,,,,2015,,
1820,SCCS114,DistToCoast_km,74.38386122,,,,,2015,,
1821,SCCS115,DistToCoast_km,845.753594,,,,,2015,,
1822,SCCS116,DistToCoast_km,0.075032444,,,,,2015,,
1823,SCCS117,DistToCoast_km,12.17363086,,,,,2015,,
1824,SCCS118,DistToCoast_km,51.48020727,,,,,2015,,
1825,SCCS119,DistToCoast_km,5.451180397,,,,,2015,,
1826,SCCS12,DistToCoast_km,920.0741595,,,,,2015,,
1827,SCCS120,DistToCoast_km,386.129597,,,,,2015,,
1828,SCCS121,DistToCoast_km,17.80548894,,,,,2015,,
1829,SCCS122,DistToCoast_km,139.4216711,,,,,2015,,
1830,SCCS123,DistToCoast_km,4.492379485,,,,,2015,,
1831,SCCS124,DistToCoast_km,23.51692952,,,,,2015,,
1832,SCCS125,DistToCoast_km,350.9871849,,,,,2015,,
1833,SCCS126,DistToCoast_km,5.661952859,,,,,2015,,
1834,SCCS127,DistToCoast_km,573.9274564,,,,,2015,,
1835,SCCS128,DistToCoast_km,722.005502,,,,,2015,,
1836,SCCS129,DistToCoast_km,224.5985448,,,,,2015,,
1837,SCCS13,DistToCoast_km,1388.992917,,,,,2015,,
1838,SCCS130,DistToCoast_km,4.235018754,,,,,2015,,
1839,SCCS131,DistToCoast_km,4.00960578,,,,,2015,,
1840,SCCS132,DistToCoast_km,34.25634149,,,,,2015,,
1841,SCCS133,DistToCoast_km,8.588344464,,,,,2015,,
1842,SCCS134,DistToCoast_km,6.139544712,,,,,2015,,
1843,SCCS135,DistToCoast_km,50.83910158,,,,,2015,,
1844,SCCS136,DistToCoast_km,65.10904168,,,,,2015,,
1845,SCCS137,DistToCoast_km,416.5069734,,,,,2015,,
1846,SCCS138,DistToCoast_km,220.7188201,,,,,2015,,
1847,SCCS139,DistToCoast_km,421.509955,,,,,2015,,
1848,SCCS14,DistToCoast_km,922.0613481,,,,,2015,,
1849,SCCS140,DistToCoast_km,1056.487417,,,,,2015,,
1850,SCCS141,DistToCoast_km,1236.349995,,,,,2015,,
1851,SCCS142,DistToCoast_km,1435.056028,,,,,2015,,
1852,SCCS143,DistToCoast_km,1291.320526,,,,,2015,,
1853,SCCS144,DistToCoast_km,579.9040471,,,,,2015,,
1854,SCCS145,DistToCoast_km,270.5081959,,,,,2015,,
1855,SCCS146,DistToCoast_km,168.911327,,,,,2015,,
1856,SCCS147,DistToCoast_km,744.2198595,,,,,2015,,
1857,SCCS148,DistToCoast_km,351.4489883,,,,,2015,,
1858,SCCS149,DistToCoast_km,639.609176,,,,,2015,,
1859,SCCS15,DistToCoast_km,134.786016,,,,,2015,,
1860,SCCS150,DistToCoast_km,491.7568109,,,,,2015,,
1861,SCCS151,DistToCoast_km,137.1429146,,,,,2015,,
1862,SCCS152,DistToCoast_km,56.16528645,,,,,2015,,
1863,SCCS153,DistToCoast_km,247.2646624,,,,,2015,,
1864,SCCS154,DistToCoast_km,18.45174645,,,,,2015,,
1865,SCCS155,DistToCoast_km,119.7195075,,,,,2015,,
1866,SCCS156,DistToCoast_km,15.24725377,,,,,2015,,
1867,SCCS157,DistToCoast_km,31.3275765,,,,,2015,,
1868,SCCS158,DistToCoast_km,15.64296499,,,,,2015,,
1869,SCCS159,DistToCoast_km,27.5501467,,,,,2015,,
1870,SCCS16,DistToCoast_km,269.9115765,,,,,2015,,
1871,SCCS160,DistToCoast_km,23.53921945,,,,,2015,,
1872,SCCS161,DistToCoast_km,1.001924378,,,,,2015,,
1873,SCCS162,DistToCoast_km,76.95815461,,,,,2015,,
1874,SCCS163,DistToCoast_km,821.1228414,,,,,2015,,
1875,SCCS164,DistToCoast_km,106.5953325,,,,,2015,,
1876,SCCS165,DistToCoast_km,240.8797267,,,,,2015,,
1877,SCCS166,DistToCoast_km,685.5481038,,,,,2015,,
1878,SCCS167,DistToCoast_km,781.7818548,,,,,2015,,
1879,SCCS168,DistToCoast_km,4.405772615,,,,,2015,,
1880,SCCS169,DistToCoast_km,195.6563432,,,,,2015,,
1881,SCCS17,DistToCoast_km,88.83335866,,,,,2015,,
1882,SCCS170,DistToCoast_km,542.6081946,,,,,2015,,
1883,SCCS171,DistToCoast_km,344.3141269,,,,,2015,,
1884,SCCS172,DistToCoast_km,554.7586491,,,,,2015,,
1885,SCCS173,DistToCoast_km,847.3721342,,,,,2015,,
1886,SCCS174,DistToCoast_km,1376.553344,,,,,2015,,
1887,SCCS175,DistToCoast_km,1103.411209,,,,,2015,,
1888,SCCS176,DistToCoast_km,371.347107,,,,,2015,,
1889,SCCS177,DistToCoast_km,19.25072871,,,,,2015,,
1890,SCCS178,DistToCoast_km,263.8605167,,,,,2015,,
1891,SCCS179,DistToCoast_km,1213.36116,,,,,2015,,
1892,SCCS18,DistToCoast_km,98.51021632,,,,,2015,,
1893,SCCS180,DistToCoast_km,115.8439174,,,,,2015,,
1894,SCCS181,DistToCoast_km,667.6391926,,,,,2015,,
1895,SCCS182,DistToCoast_km,1025.485595,,,,,2015,,
1896,SCCS183,DistToCoast_km,571.1934326,,,,,2015,,
1897,SCCS184,DistToCoast_km,73.61122999,,,,,2015,,
1898,SCCS185,DistToCoast_km,244.9153913,,,,,2015,,
1899,SCCS186,DistToCoast_km,1.542162756,,,,,2015,,
1900,SCCS19,DistToCoast_km,204.8506218,,,,,2015,,
1901,SCCS2,DistToCoast_km,697.8973045,,,,,2015,,
1902,SCCS20,DistToCoast_km,47.6397608,,,,,2015,,
1903,SCCS21,DistToCoast_km,37.03683578,,,,,2015,,
1904,SCCS22,DistToCoast_km,768.6632586,,,,,2015,,
1905,SCCS23,DistToCoast_km,539.7536491,,,,,2015,,
1906,SCCS24,DistToCoast_km,1198.303919,,,,,2015,,
1907,SCCS25,DistToCoast_km,1008.413506,,,,,2015,,
1908,SCCS26,DistToCoast_km,553.2389421,,,,,2015,,
1909,SCCS27,DistToCoast_km,952.4347219,,,,,2015,,
1910,SCCS28,DistToCoast_km,1583.986407,,,,,2015,,
1911,SCCS29,DistToCoast_km,1405.14251,,,,,2015,,
1912,SCCS3,DistToCoast_km,22.20935862,,,,,2015,,
1913,SCCS30,DistToCoast_km,1059.135598,,,,,2015,,
1914,SCCS31,DistToCoast_km,1070.594018,,,,,2015,,
1915,SCCS32,DistToCoast_km,846.1031998,,,,,2015,,
1916,SCCS33,DistToCoast_km,811.9778452,,,,,2015,,
1917,SCCS34,DistToCoast_km,301.9486997,,,,,2015,,
1918,SCCS35,DistToCoast_km,833.3986985,,,,,2015,,
1919,SCCS36,DistToCoast_km,203.4611271,,,,,2015,,
1920,SCCS37,DistToCoast_km,356.8191885,,,,,2015,,
1921,SCCS38,DistToCoast_km,61.69256843,,,,,2015,,
1922,SCCS39,DistToCoast_km,20.27387715,,,,,2015,,
1923,SCCS4,DistToCoast_km,1141.263108,,,,,2015,,
1924,SCCS40,DistToCoast_km,1093.09973,,,,,2015,,
1925,SCCS41,DistToCoast_km,1220.348913,,,,,2015,,
1926,SCCS42,DistToCoast_km,30.75607548,,,,,2015,,
1927,SCCS43,DistToCoast_km,186.1341574,,,,,2015,,
1928,SCCS44,DistToCoast_km,60.07073637,,,,,2015,,
1929,SCCS45,DistToCoast_km,412.8955575,,,,,2015,,
1930,SCCS46,DistToCoast_km,272.3770595,,,,,2015,,
1931,SCCS47,DistToCoast_km,277.0703414,,,,,2015,,
1932,SCCS48,DistToCoast_km,51.96310045,,,,,2015,,
1933,SCCS49,DistToCoast_km,44.29307262,,,,,2015,,
1934,SCCS5,DistToCoast_km,298.8133178,,,,,2015,,
1935,SCCS50,DistToCoast_km,14.19553505,,,,,2015,,
1936,SCCS51,DistToCoast_km,2.207929049,,,,,2015,,
1937,SCCS52,DistToCoast_km,89.2735769,,,,,2015,,
1938,SCCS53,DistToCoast_km,41.43855586,,,,,2015,,
1939,SCCS54,DistToCoast_km,618.1472223,,,,,2015,,
1940,SCCS55,DistToCoast_km,5.410334059,,,,,2015,,
1941,SCCS56,DistToCoast_km,300.3352093,,,,,2015,,
1942,SCCS57,DistToCoast_km,601.5272459,,,,,2015,,
1943,SCCS58,DistToCoast_km,159.0484361,,,,,2015,,
1944,SCCS59,DistToCoast_km,1058.328266,,,,,2015,,
1945,SCCS6,DistToCoast_km,572.9129642,,,,,2015,,
1946,SCCS60,DistToCoast_km,314.5347527,,,,,2015,,
1947,SCCS61,DistToCoast_km,80.36829931,,,,,2015,,
1948,SCCS62,DistToCoast_km,166.14053,,,,,2015,,
1949,SCCS63,DistToCoast_km,640.0193368,,,,,2015,,
1950,SCCS64,DistToCoast_km,1426.394706,,,,,2015,,
1951,SCCS65,DistToCoast_km,2047.307804,,,,,2015,,
1952,SCCS66,DistToCoast_km,1966.155707,,,,,2015,,
1953,SCCS67,DistToCoast_km,782.1286719,,,,,2015,,
1954,SCCS68,DistToCoast_km,551.4937654,,,,,2015,,
1955,SCCS69,DistToCoast_km,358.8714252,,,,,2015,,
1956,SCCS7,DistToCoast_km,987.3381606,,,,,2015,,
1957,SCCS70,DistToCoast_km,116.8648625,,,,,2015,,
1958,SCCS71,DistToCoast_km,304.0969107,,,,,2015,,
1959,SCCS72,DistToCoast_km,483.0006614,,,,,2015,,
1960,SCCS73,DistToCoast_km,28.4755152,,,,,2015,,
1961,SCCS74,DistToCoast_km,136.1630288,,,,,2015,,
1962,SCCS75,DistToCoast_km,157.6151798,,,,,2015,,
1963,SCCS76,DistToCoast_km,51.32374391,,,,,2015,,
1964,SCCS77,DistToCoast_km,70.90250204,,,,,2015,,
1965,SCCS78,DistToCoast_km,2.320505719,,,,,2015,,
1966,SCCS79,DistToCoast_km,1.611491541,,,,,2015,,
1967,SCCS8,DistToCoast_km,591.5346524,,,,,2015,,
1968,SCCS80,DistToCoast_km,32.92245687,,,,,2015,,
1969,SCCS81,DistToCoast_km,8.520127207,,,,,2015,,
1970,SCCS82,DistToCoast_km,33.25812944,,,,,2015,,
1971,SCCS83,DistToCoast_km,68.67621255,,,,,2015,,
1972,SCCS84,DistToCoast_km,9.586757636,,,,,2015,,
1973,SCCS85,DistToCoast_km,120.2579543,,,,,2015,,
1974,SCCS86,DistToCoast_km,0.362022156,,,,,2015,,
1975,SCCS87,DistToCoast_km,35.76371444,,,,,2015,,
1976,SCCS88,DistToCoast_km,0.751158412,,,,,2015,,
1977,SCCS89,DistToCoast_km,6.836423492,,,,,2015,,
1978,SCCS9,DistToCoast_km,454.5269699,,,,,2015,,
1979,SCCS90,DistToCoast_km,2.417303699,,,,,2015,,
1980,SCCS91,DistToCoast_km,832.0830631,,,,,2015,,
1981,SCCS92,DistToCoast_km,23.82945822,,,,,2015,,
1982,SCCS93,DistToCoast_km,10.61725813,,,,,2015,,
1983,SCCS94,DistToCoast_km,54.85546445,,,,,2015,,
1984,SCCS95,DistToCoast_km,95.27219789,,,,,2015,,
1985,SCCS96,DistToCoast_km,2.910284825,,,,,2015,,
1986,SCCS97,DistToCoast_km,1.98279371,,,,,2015,,
1987,SCCS98,DistToCoast_km,0.602693497,,,,,2015,,
1988,SCCS99,DistToCoast_km,3.567130503,,,,,2015,,
